title,release_date,genre,critic_score,critic_score_phrase,developer,publisher,required_age,average_playtime,median_playtime,owners,price,main_story,main_extra,completionist,all_styles
1001 Spikes,2014-06-08,Platformer,8.0,Great,"Nicalis, Inc.","Nicalis, Inc.",0,214,215,75000,9.99,7.14,14.37,16.91,13.38
140,2013-10-16,Platformer,8.0,Great,Carlsen Games,Carlsen Games,0,205,274,350000,3.99,1.2,2.23,5.26,1.56
1979 Revolution,2016-04-21,"Action,Adventure",8.0,Great,iNK Stories;N-Fusion Interactive,iNK Stories,0,0,0,75000,4.79,2.1,2.85,5.88,2.66
7 Wonders: Treasures of Seven,2008-11-06,Puzzle,5.9,Mediocre,MumboJumbo,MumboJumbo,0,0,0,35000,6.99,7.1,7.42,9.0,7.43
A Bird Story,2014-11-26,RPG,8.8,Great,Freebird Games,Freebird Games,0,257,476,350000,2.79,1.27,1.39,1.41,1.34
A Game of Thrones: Genesis,2011-10-14,Strategy,6.0,Okay,Cyanide Studios,Focus Home Interactive;1C-SoftClub,0,8,8,150000,6.99,10.2,19.27,61.51,20.65
A Valley Without Wind,2012-05-04,Adventure,5.5,Mediocre,"Arcen Games, LLC","Arcen Games, LLC",0,84,84,350000,0.0,13.0,16.25,58.33,18.82
A Vampyre Story,2008-12-12,Adventure,7.6,Good,Autumn Moon,Strategy First,0,0,0,10000,14.99,7.43,8.8,8.97,8.68
A Virus Named Tom,2012-08-02,"Puzzle,Action",7.0,Good,Misfits Attic,Misfits Attic,0,92,97,350000,6.99,4.12,11.07,26.88,5.7
A.R.E.S.: Extinction Agenda,2011-02-25,Platformer,7.5,Good,Extend Studio,Extend Studio;ORiGO GAMES,0,191,191,150000,3.99,2.38,3.54,10.33,2.99
Aaru's Awakening,2015-03-03,Platformer,6.7,Okay,Lumenox ehf,Lumenox ehf,0,0,0,35000,10.99,3.03,3.67,3.99,3.31
Abyss Odyssey,2014-07-24,Action,6.7,Okay,ACE Team,SEGA,16,173,256,350000,10.99,4.13,8.04,18.21,7.13
Aces of the Galaxy,2008-07-09,Action,7.5,Good,Artech Studios,Activision,0,0,0,10000,6.99,0.92,1.0,3.0,1.15
Achron,2011-09-16,Strategy,5.0,Mediocre,Hazardous Software Inc.,Hazardous Software Inc.,0,0,0,35000,14.99,70.0,0.0,0.0,70.0
Act of War: Direct Action,2005-03-14,Strategy,8.5,Great,Eugen Systems,THQ Nordic,0,0,0,35000,1.99,11.78,12.28,12.4,11.99
Adr1ft,2016-03-28,Adventure,6.0,Okay,THREE ONE ZERO,505 Games,0,0,0,75000,14.99,4.67,5.66,9.25,5.31
Advent Rising,2005-08-09,Action,7.9,Good,GlyphX Games,Majesco Entertainment,0,0,0,75000,7.19,8.01,8.14,8.82,8.11
Adventure Time: Explore the Dungeon Because I Don't Know!,2013-12-06,Adventure,3.5,Awful,NGD Studios,Cartoon Network Games,0,0,0,35000,6.99,8.52,13.93,30.57,10.43
Age of Empires III,2005-10-14,Strategy,8.8,Great,Ensemble Studios,Microsoft Studios,0,902,211,3500000,29.99,15.06,19.27,31.86,17.8
Age of Mythology: The Titans,2003-09-29,Strategy,8.9,Great,SkyBox Labs;Ensemble Studios,Microsoft Studios,0,668,859,1500000,22.99,9.5,15.12,18.62,11.56
Age of Wonders: Shadow Magic,2003-07-30,Strategy,8.5,Great,Triumph Studios,Paradox Interactive,0,161,254,150000,3.99,33.12,63.93,81.67,46.82
Age of Wonders III,2014-04-02,Strategy,7.1,Good,Triumph Studios,Paradox Interactive,0,984,861,750000,22.99,26.44,74.11,145.33,46.05
Air Conflicts: Vietnam,2013-12-12,"Flight,Action",3.5,Awful,Games Farm,Games Farm,0,0,0,35000,11.39,4.97,7.08,0.0,5.21
Akaneiro: Demon Hunters,2013-02-19,RPG,4.5,Bad,Spicy Horse,Spicy Horse,0,0,0,75000,0.0,3.0,5.73,5.75,5.28
Alan Wake,2012-02-15,Action,9.0,Amazing,Remedy Entertainment,Remedy Entertainment,0,239,228,3500000,11.39,11.18,14.41,26.73,13.06
Alan Wake's American Nightmare,2012-05-29,Action,7.5,Good,Remedy Entertainment,Remedy Entertainment,0,71,123,1500000,6.19,3.65,4.67,8.54,4.32
Alekhine's Gun,2016-03-11,Action,3.0,Awful,Maximum Games,Maximum Games;KISS ltd,0,0,0,35000,29.99,11.57,16.59,23.8,13.21
Alice: Madness Returns,2011-06-16,Action,6.5,Okay,Mzonestudio,Microïds Indie,0,0,0,10000,1.69,13.96,15.86,22.3,15.44
Alien: Isolation,2014-10-03,Action,5.9,Mediocre,Creative Assembly;Feral Interactive (Mac);Feral Interactive (Linux),SEGA;Feral Interactive (Mac);Feral Interactive (Linux),18,563,720,1500000,29.99,18.31,22.49,34.06,20.76
Alien Breed 2: Assault,2010-10-06,Shooter,8.0,Great,Team17 Digital Ltd,Team17 Digital Ltd,0,96,96,350000,6.99,5.6,6.67,8.94,6.17
Alien Breed 3: Descent,2011-03-02,Shooter,6.5,Okay,Team17 Digital Ltd,Team17 Digital Ltd,0,1,1,350000,6.99,5.22,6.15,8.24,5.7
Alien Rage,2013-10-02,Shooter,4.4,Bad,CI Games,CI Games,0,317,355,350000,14.99,6.53,9.6,15.9,7.61
Alien Shooter: Vengeance,2007-03-22,"Action,RPG",7.5,Good,Sigma Team Inc.,Sigma Team Inc.,0,0,0,350000,3.99,5.6,6.0,9.0,6.15
Alien Shooter 2: Reloaded,2009-06-15,"Action,RPG",7.5,Good,Sigma Team Inc.,Sigma Team Inc.,0,169,169,350000,3.99,5.16,5.97,6.8,5.59
Aliens vs. Predator,2010-02-19,Action,7.3,Good,Rebellion,SEGA,0,170,168,1500000,9.99,8.14,11.85,24.21,9.49
Alone in the Dark,2008-07-08,Adventure,3.5,Awful,Eden Games;Hydravision Entertainment,THQ Nordic,0,86,86,75000,6.99,7.64,10.76,19.86,9.28
Alpha Protocol,2010-06-01,"Action,RPG",6.3,Okay,Obsidian Entertainment,SEGA,16,267,214,750000,9.99,13.02,17.41,25.94,15.99
America's Army 3,2009-07-02,Shooter,8.4,Great,U.S. Army,U.S. Army,0,12,13,750000,0.0,0.0,0.0,512.3,512.3
American Conquest,2003-02-10,Strategy,8.2,Great,GSC Game World,GSC World Publishing,0,0,0,150000,3.99,29.81,40.0,0.0,31.0
American Conquest: Fight Back,2003-10-14,Strategy,7.8,Good,GSC Game World,GSC World Publishing,0,2,3,150000,3.99,27.28,30.0,0.0,28.64
Amnesia: The Dark Descent,2010-09-03,Adventure,8.5,Great,Frictional Games,Frictional Games,0,173,41,3500000,14.99,7.95,9.1,11.68,8.48
Amnesia: A Machine for Pigs,2013-09-10,Adventure,8.3,Great,The Chinese Room,Frictional Games,0,100,123,3500000,14.99,4.14,5.03,5.89,4.62
Among the Sleep,2014-06-05,Adventure,7.3,Good,Krillbite Studio,Krillbite Studio,0,83,83,350000,13.49,2.36,3.13,3.53,2.77
Analogue: A Hate Story,2012-05-11,Other,7.0,Good,Love Conquers All Games,Love Conquers All Games,0,167,167,150000,7.19,3.08,5.0,6.18,4.71
Ancient Space,2014-10-02,Strategy,6.6,Okay,CreativeForge Games,Paradox Interactive,0,0,0,75000,14.99,22.74,0.0,0.0,22.74
And Yet It Moves,2009-04-21,Platformer,8.4,Great,Broken Rules,Broken Rules,0,17,22,350000,6.99,3.05,4.34,13.62,3.33
Anna,2012-07-24,Adventure,5.5,Mediocre,Dreampainters,Kalypso Media Digital,0,269,269,350000,7.99,9.68,11.11,11.44,10.72
Anno 2070,2011-12-02,Strategy,8.5,Great,Blue Byte;Related Designs,Ubisoft,0,879,846,750000,16.99,24.72,45.71,209.41,43.35
Anno 2205,2015-11-04,Simulation,7.0,Good,Blue Byte,Ubisoft,0,1930,3613,350000,33.99,18.07,37.7,64.86,27.81
Anomaly: Warzone Earth,2011-04-08,Action,8.0,Great,11 bit studios,11 bit studios,0,200,181,750000,7.99,6.41,10.3,23.24,8.94
Anomaly 2,2013-05-15,Strategy,8.0,Great,11 bit studios,11 bit studios,0,87,115,350000,11.49,6.42,9.17,13.3,7.39
Antichamber,2013-01-31,Puzzle,8.6,Great,Alexander Bruce,Demruth,0,176,181,1500000,14.99,5.94,7.32,8.89,7.05
Apotheon,2015-02-05,"Action,RPG",6.9,Okay,Alientrap,Alientrap,0,716,716,350000,10.99,8.19,12.29,14.91,11.65
AquaNox 2: Revelation,2003-09-23,Shooter,6.0,Okay,THQ Nordic,THQ Nordic,0,0,0,150000,4.49,10.78,13.15,16.35,12.98
ArmA: Combat Operations,2007-05-10,Shooter,7.3,Good,Bohemia Interactive,Bohemia Interactive,0,0,0,35000,5.99,11.05,14.38,36.4,18.57
ArmA II: Operation Arrowhead,2010-07-01,Shooter,8.0,Great,Bohemia Interactive,Bohemia Interactive,18,8488,1120,3500000,11.99,8.0,8.37,15.83,9.03
Armed & Dangerous,2003-12-03,Action,8.3,Great,Planet Moon Studios,LucasArts;Lucasfilm;Disney Interactive,0,100,100,35000,4.79,5.96,7.65,9.75,6.5
Armello,2015-09-09,Board,5.6,Mediocre,League of Geeks,League of Geeks,0,1145,1606,750000,14.99,1.99,21.2,99.25,12.76
Army Men: Sarge's War,2004-09-22,Shooter,3.8,Awful,The 3DO Company,2K,0,0,0,10000,4.69,4.82,5.64,0.0,5.08
Art of Murder: FBI Confidential,2008-07-30,Adventure,4.5,Bad,City Interactive S.A.,City Interactive S.A.,0,0,0,10000,3.99,7.1,7.46,7.55,7.3
Assassin's Creed: Brotherhood,2011-03-17,Action,8.0,Great,Ubisoft Montreal,Ubisoft,0,360,476,750000,8.59,15.25,25.57,41.53,24.38
Assassin's Creed II,2010-03-12,Action,8.9,Great,Ubisoft Montreal,Ubisoft,0,2908,3143,1500000,49.99,19.21,26.11,35.47,26.03
Assassin's Creed III,2012-11-23,"Action,Adventure",8.6,Great,Ubisoft Montreal,Ubisoft,0,2908,3143,1500000,49.99,16.41,31.22,55.26,26.94
Assassin's Creed IV: Black Flag,2013-10-29,"Action,Adventure",8.5,Great,Ubisoft Montreal,Ubisoft,0,3234,1761,1500000,16.99,23.46,41.1,61.52,39.42
Assassin's Creed Liberation HD,2014-01-18,Action,5.2,Mediocre,Ubisoft Sofia,Ubisoft,0,934,934,150000,16.99,7.91,11.23,16.1,10.72
Assassin's Creed Unity,2014-11-11,"Action,Adventure",7.8,Good,Ubisoft,Ubisoft,0,1686,1790,750000,25.99,17.21,35.22,79.92,31.97
Assault Android Cactus,2015-09-28,Shooter,8.8,Great,Witch Beam,Witch Beam,0,379,379,150000,10.99,3.28,9.29,31.92,5.33
Atom Zombie Smasher,2011-03-21,Action,7.5,Good,Blendo Games,Blendo Games,0,72,101,350000,6.99,4.2,9.34,27.52,6.45
Audiosurf,2008-02-27,"Music,Action",8.6,Great,Dylan Fitterer,Dylan Fitterer,0,507,507,350000,10.99,7.76,12.22,16.67,10.93
Audiosurf 2,2015-05-29,"Music,Action",7.5,Good,Dylan Fitterer,Dylan Fitterer,0,507,507,350000,10.99,10.68,18.25,280.5,18.76
Aura: Fate of the Ages,2004-07-01,Adventure,7.3,Good,Streko Graphics,THQ Nordic,0,0,0,75000,4.49,5.5,5.78,7.62,6.22
Avatar: The Game,2009-12-01,Action,6.8,Okay,Bright Phoenix Studio,Bright Phoenix Studio,0,0,0,10000,5.19,8.18,13.47,17.5,10.27
Avencast: Rise of the Mage,2007-12-11,RPG,7.0,Good,ClockStone Studios,Meridian4,0,56,56,350000,6.99,12.74,15.41,17.59,15.1
Banished,2014-02-21,Simulation,8.3,Great,Shining Rock Software LLC,Shining Rock Software LLC,0,1209,825,1500000,14.99,15.24,32.44,92.37,35.3
Barrow Hill: Curse of the Ancient Circle,2006-08-28,Adventure,8.1,Great,Shadow Tor Studios,Iceberg Interactive,0,0,0,35000,5.59,4.92,5.32,5.05,5.17
Bastion,2011-08-22,"Action,RPG",9.0,Amazing,Supergiant Games,Supergiant Games,0,391,234,3500000,11.39,6.24,9.27,20.43,8.22
Batman: Arkham Asylum,2009-09-11,Action,9.3,Amazing,Rocksteady Studios;Feral Interactive (Mac),Warner Bros. Interactive Entertainment;Feral Interactive (Mac),0,569,545,3500000,14.99,11.99,16.4,25.33,14.77
Batman: Arkham City,2011-11-29,Action,9.5,Amazing,Rocksteady Studios;Feral Interactive (Mac),Warner Bros. Interactive Entertainment;Feral Interactive (Mac),0,569,545,3500000,14.99,12.46,21.63,45.75,18.21
Batman: Arkham Origins Blackgate -- Deluxe Edition,2013-10-25,Action,7.4,Good,Armature Studio,WB Games,0,129,189,750000,14.99,7.5,10.36,18.89,10.02
Batman: Arkham Origins,2013-10-25,Action,7.8,Good,WB Games Montreal;Splash Damage,Warner Bros. Interactive Entertainment,16,538,443,3500000,0.0,12.42,21.9,41.39,18.58
"Batman: Arkham Origins -- Cold, Cold Heart",2014-04-25,Action,7.0,Good,Rocksteady Studios;Feral Interactive (Mac),Warner Bros. Interactive Entertainment;Feral Interactive (Mac),0,569,545,3500000,14.99,2.65,3.2,3.83,3.09
Batman: The Telltale Series -- Episode 2: Children of Arkham,2016-09-20,Adventure,8.0,Great,Rocksteady Studios;Feral Interactive (Mac),Warner Bros. Interactive Entertainment;Feral Interactive (Mac),0,569,545,3500000,14.99,1.32,1.36,1.49,1.37
Batman: The Telltale Series -- Episode 1: Realm of Shadows,2016-08-02,Adventure,7.5,Good,Rocksteady Studios;Feral Interactive (Mac),Warner Bros. Interactive Entertainment;Feral Interactive (Mac),0,569,545,3500000,14.99,1.94,2.06,2.1,2.0
Battle of Europe,2006-05-31,"Flight,Action",5.4,Mediocre,Maus Software,Strategy First,0,0,0,10000,6.99,0.0,0.0,4.33,4.33
Battleborn,2016-05-06,Shooter,7.1,Good,Gearbox Software,2K,0,652,752,750000,0.0,8.93,35.12,168.19,25.68
Battlefield: Bad Company 2,2010-03-02,Shooter,8.9,Great,DICE,Electronic Arts,0,1200,671,3500000,14.99,6.91,10.26,18.43,7.81
Battlefleet Gothic: Armada,2016-04-22,Strategy,7.1,Good,Tindalos Interactive,Focus Home Interactive,0,856,1647,350000,24.99,20.8,23.58,40.74,25.44
Battlestations: Midway,2007-01-30,"Action,Simulation",8.5,Great,Eidos Interactive,Square Enix,0,0,0,350000,4.99,7.35,9.08,11.22,7.74
Beat Hazard,2010-07-15,Shooter,7.6,Good,Cold Beam Games,Cold Beam Games,0,437,633,750000,6.99,4.63,12.13,24.42,10.67
Bejeweled 3,2010-12-07,Puzzle,8.0,Great,"PopCap Games, Inc.","PopCap Games, Inc.",0,85,158,350000,4.25,4.51,10.18,48.65,13.06
Bejeweled Twist,2008-11-06,Puzzle,7.4,Good,"PopCap Games, Inc.","PopCap Games, Inc.",0,0,0,35000,4.25,3.83,0.0,0.0,3.83
Bet On Soldier: Blood Sport,2005-10-07,Shooter,7.0,Good,Kylotonn,Microids,16,42,42,35000,5.59,8.67,11.24,14.91,11.32
Betrayer,2014-04-03,"Action,Adventure",5.0,Mediocre,Blackpowder Games,Blackpowder Games,0,112,123,350000,3.99,6.84,9.07,13.16,9.34
Beyond Divinity,2004-05-06,RPG,8.0,Great,Larian Studios,Larian Studios,0,13,13,750000,4.79,21.28,35.52,61.88,35.32
Beyond Eyes,2015-08-07,Adventure,5.5,Mediocre,Tiger and Squid;Team17 Digital Ltd,Team17 Digital Ltd,0,763,763,150000,9.99,2.01,2.81,3.45,2.44
Beyond Good & Evil,2003-11-11,"Action,Adventure",9.0,Amazing,Ubisoft,Ubisoft,0,355,448,350000,4.29,10.84,12.21,13.2,12.01
Bionic Commando,2009-07-29,Action,7.5,Good,Capcom,Capcom,0,20,30,350000,6.49,6.86,8.92,16.69,7.55
Bionic Commando Rearmed,2008-08-13,Platformer,9.3,Amazing,Capcom,Capcom,18,15,16,350000,6.49,5.02,8.74,13.15,6.45
BioShock Infinite,2013-03-21,Shooter,9.5,Amazing,Irrational Games;Aspyr (Mac);Virtual Programming (Linux),2K;Aspyr (Mac),18,614,519,3500000,19.99,11.54,16.06,28.46,13.97
Bit.Trip Beat,2010-11-08,Action,7.5,Good,Gaijin Games,Gaijin Games,0,78,141,350000,6.99,3.3,6.95,11.02,3.94
Bit.Trip Runner,2011-03-21,Platformer,7.0,Good,Gaijin Games,Gaijin Games,0,149,202,750000,6.99,8.44,13.22,27.13,11.09
Black Mirror III: Final Fear,2011-05-11,Adventure,7.5,Good,Cranberry Production,THQ Nordic,0,0,0,75000,6.99,13.21,15.12,15.28,14.07
Blackguards,2014-01-30,RPG,7.8,Good,Daedalic Entertainment,Daedalic Entertainment,0,174,232,750000,26.99,40.46,44.09,58.23,43.76
Blackguards 2,2015-01-16,RPG,7.8,Good,Daedalic Entertainment,Daedalic Entertainment,0,151,158,350000,11.49,16.99,21.58,26.98,21.43
Blacklight: Tango Down,2010-07-27,Shooter,6.5,Okay,Zombie Studios,Ignition Entertainment,0,129,193,75000,0.79,2.42,2.52,0.0,2.47
Blade Kitten,2010-09-24,Action,5.0,Mediocre,Krome Studios,Krome Studios,0,222,360,75000,1.99,5.0,8.07,11.66,6.5
Blitzkrieg,2003-04-22,Strategy,8.2,Great,Nival,Nival,0,221,221,75000,7.19,23.77,0.0,0.0,23.77
Blood Bowl,2010-01-29,"Sports,Simulation",6.4,Okay,Cyanide Studios,Focus Home Interactive,0,284,380,350000,7.99,6.12,154.86,2642.02,69.9
Blood Bowl II,2015-09-23,Sports,7.8,Good,Cyanide Studios,Focus Home Interactive,0,1433,1433,350000,14.99,15.66,0.0,0.0,15.66
BloodRayne,2003-10-14,Action,7.3,Good,Terminal Reality,Majesco Entertainment,0,111,111,75000,6.99,7.08,8.08,10.25,7.69
BloodRayne 2,2005-08-18,Action,6.8,Okay,Terminal Reality,Majesco Entertainment,0,771,771,75000,6.99,8.99,9.89,10.53,9.35
Blueberry Garden,2009-06-25,Other,6.0,Okay,Erik Svedäng,Erik Svedäng,0,9,9,35000,3.99,1.3,1.21,1.32,1.29
Bombshell,2016-01-29,Action,6.9,Okay,Slipgate Ironworks™,3D Realms,0,0,0,35000,29.99,9.72,11.75,14.26,10.99
Bone: Out From Boneville,2005-10-03,Adventure,5.9,Mediocre,Telltale Games,Telltale Games,0,0,0,150000,0.0,1.79,1.95,2.0,1.89
Borderlands,2010-02-26,"Action,RPG",8.8,Great,2K Australia;Gearbox Software;Aspyr (Mac);Aspyr (Linux),2K;Aspyr (Mac);Aspyr (Linux),18,1661,886,3500000,29.99,22.21,35.11,63.25,32.72
Borderlands 2,2012-09-13,"Shooter,RPG",9.0,Amazing,Gearbox Software;Aspyr (Mac);Aspyr (Linux),2K;Aspyr (Mac);Aspyr (Linux),18,3276,1139,7500000,19.99,30.1,54.85,130.45,52.52
Botanicula,2012-04-26,Adventure,9.0,Amazing,Amanita Design,Amanita Design,0,16,20,350000,7.99,3.45,3.83,5.03,3.94
Bound by Flame,2014-05-12,"Action,RPG",7.0,Good,Spiders,Focus Home Interactive,0,731,731,350000,14.99,12.57,16.77,21.54,16.07
Braid,2009-04-13,Platformer,8.8,Great,Number None,Number None,0,178,251,1500000,10.99,5.07,5.96,7.76,5.75
Brigade E5: New Jagged Union,2007-01-22,Strategy,3.0,Awful,Apeiron,1C Entertainment,0,0,0,10000,0.0,55.74,0.0,0.0,55.74
Brink,2011-05-10,Shooter,6.5,Okay,Splash Damage,Bethesda Softworks,0,181,99,1500000,0.0,6.37,12.99,21.59,9.1
Broforce,2015-10-20,Action,8.8,Great,Free Lives,Devolver Digital,0,498,459,1500000,11.99,7.19,10.02,17.62,8.9
Broken Age: Act 1,2014-01-16,Adventure,9.5,Amazing,Double Fine Productions,Double Fine Productions,0,271,271,750000,11.39,3.71,4.02,4.57,3.83
Broken Sword: The Sleeping Dragon,2003-11-25,Adventure,8.4,Great,Revolution Software Ltd,Revolution Software Ltd,0,1177,1177,350000,4.99,10.15,10.19,10.55,10.24
Brothers: A Tale of Two Sons,2013-08-06,Adventure,8.2,Great,Starbreeze Studios AB,505 Games,0,128,155,1500000,10.99,3.08,3.5,4.04,3.38
Brothers in Arms: Road to Hill 30,2005-03-15,Shooter,9.1,Amazing,Gearbox Software,Ubisoft,0,69,69,150000,4.29,7.9,9.43,13.37,8.28
Brothers in Arms: Earned in Blood,2005-10-04,Shooter,8.8,Great,Gearbox Software,Ubisoft,0,164,164,150000,4.29,6.99,9.07,14.31,7.58
Brothers in Arms: Hell's Highway (Limited Edition),2008-10-07,Shooter,7.9,Good,Gearbox Software,Ubisoft,0,346,346,150000,8.59,7.83,8.88,13.85,8.07
Brothers in Arms: Hell's Highway,2008-10-07,Shooter,7.9,Good,Gearbox Software,Ubisoft,0,346,346,150000,8.59,7.83,8.88,13.85,8.07
Bulletstorm,2011-02-22,Action,8.0,Great,People Can Fly,Gearbox Publishing,18,521,638,75000,29.99,7.48,9.2,18.15,8.13
Bully: Scholarship Edition,2008-10-28,Action,7.8,Good,Rockstar New England,Rockstar Games,0,319,225,1500000,9.99,14.57,19.3,27.6,18.83
Burnout Paradise: The Ultimate Box,2009-02-03,Racing,8.4,Great,Criterion Games,Electronic Arts,0,431,576,1500000,9.99,10.95,19.51,36.64,15.75
Caesar IV,2006-10-17,Strategy,7.7,Good,"Tilted Mill Entertainment, Inc.",Activision,0,0,0,150000,7.99,17.42,28.0,68.75,30.56
Call of Cthulhu: Dark Corners of the Earth,2006-04-26,Adventure,7.8,Good,Infogrames,Atari,0,0,0,35000,4.79,11.7,13.33,16.72,12.43
Call of Duty: Black Ops II,2012-11-13,Shooter,9.3,Amazing,Treyarch,Activision,18,524,400,3500000,39.99,7.06,10.6,30.89,8.38
Call of Duty,2003-10-27,Shooter,9.3,Amazing,Infinity Ward,Activision,0,545,849,350000,14.99,6.87,8.83,9.94,7.22
Call of Duty: United Offensive,2004-09-14,Action,8.4,Great,Gray Matter Studios,Activision,0,0,0,350000,14.99,5.67,6.26,8.18,6.0
Call of Duty: World at War,2008-11-11,Shooter,9.2,Amazing,Treyarch,Activision,16,2331,1108,1500000,19.99,7.05,11.12,25.49,8.42
Call of Duty: World at War (Collector's Edition),2008-11-11,Shooter,9.2,Amazing,Treyarch,Activision,16,2331,1108,1500000,19.99,7.05,11.12,25.49,8.42
Call of Duty: Modern Warfare 2,2009-11-10,Shooter,9.5,Amazing,Infinity Ward;Aspyr (Mac),Activision;Aspyr (Mac),0,999,580,7500000,19.99,6.61,10.65,31.04,8.88
Call of Duty: Black Ops,2010-11-10,Shooter,8.5,Great,Treyarch,Activision,18,2672,517,3500000,29.99,7.13,12.81,17.91,8.37
Call of Duty: Modern Warfare 3,2011-11-09,Shooter,9.0,Amazing,Infinity Ward,Activision,0,545,849,350000,14.99,6.13,10.0,39.19,7.82
Call of Duty: Ghosts,2013-11-05,Shooter,8.8,Great,Infinity Ward,Activision,16,266,307,1500000,39.99,6.02,8.46,12.83,6.61
Call of Duty: Advanced Warfare,2014-11-03,Shooter,9.1,Amazing,Infinity Ward,Activision,0,545,849,350000,14.99,7.13,10.69,17.85,8.31
Call of Duty 2,2005-10-25,Shooter,8.5,Great,Infinity Ward;Aspyr (Mac),Activision;Aspyr (Mac),0,750,1041,350000,14.99,8.02,9.57,11.18,8.67
Call of Duty 4: Modern Warfare,2007-11-05,Shooter,9.4,Amazing,Infinity Ward;Aspyr (Mac),Activision;Aspyr (Mac),0,1417,1503,1500000,19.99,6.89,9.36,16.29,7.53
Call of Juarez,2007-07-18,Shooter,6.8,Okay,Techland,Techland Publishing,0,46,60,150000,8.59,7.85,9.34,10.87,8.38
Call of Juarez: Bound in Blood,2009-06-30,Shooter,7.7,Good,Techland,Ubisoft,0,13,13,350000,8.59,7.46,8.32,12.66,8.08
Call of Juarez: The Cartel,2011-09-16,Shooter,4.5,Bad,Techland,Techland Publishing,0,46,60,150000,8.59,6.97,9.19,19.36,8.05
Call of Juarez: Gunslinger,2013-05-24,Shooter,7.5,Good,Techland,Techland Publishing,0,46,60,150000,8.59,5.07,7.01,14.14,6.04
Capsized,2011-05-19,Platformer,8.5,Great,Alientrap,Alientrap,0,152,153,350000,5.99,3.87,6.15,10.0,4.32
Cargo! The Quest for Gravity,2011-05-27,Adventure,5.5,Mediocre,Ice-Pick Lodge,Ice-Pick Lodge;bitComposer Games;Viva Media;Nordic Games,0,540,540,75000,6.99,5.77,8.96,14.37,8.06
Castlevania: Lords of Shadow 2,2014-02-25,Action,6.5,Okay,MercurySteam,Konami Digital Entertainment,16,732,732,350000,24.99,14.68,20.55,32.71,17.34
Ceville,2009-03-27,Adventure,9.0,Amazing,Realmforge Studios,Assemble Entertainment,0,0,0,35000,4.79,8.47,9.88,10.24,9.33
Champions Online,2009-09-16,RPG,7.6,Good,Cryptic Studios,Perfect World Entertainment,0,12952,724,1500000,0.0,370.0,0.0,0.0,370.0
Chaser,2003-10-06,Shooter,7.5,Good,Cauldron,THQ Nordic,0,0,0,75000,4.49,15.22,15.88,16.04,15.66
Chicago 1930,2004-07-30,Strategy,5.0,Mediocre,Spellbound,Microids,0,0,0,10000,3.99,9.53,11.75,12.07,11.5
Child of Light,2014-04-29,RPG,9.3,Amazing,Ubisoft Montréal,Ubisoft,0,605,818,750000,12.49,11.2,13.45,15.44,13.14
Chivalry: Medieval Warfare,2012-10-29,Adventure,7.9,Good,Torn Banner Studios,Torn Banner Studios,0,675,293,7500000,18.99,13.93,34.02,172.15,60.68
Chris Sawyer's Locomotion,2004-10-05,Simulation,5.8,Mediocre,Chris Sawyer,Atari,0,0,0,35000,4.79,23.5,0.0,0.0,23.5
Chronicles of Mystery: Scorpio Ritual,2008-12-02,Adventure,7.5,Good,City Interactive S.A.,City Interactive S.A.,0,0,0,35000,3.99,4.31,4.62,4.49,4.41
Chronos,2016-04-14,RPG,8.0,Great,Martin Nayeri,nima,0,0,0,35000,0.0,10.79,14.32,15.0,12.59
Cities: Skylines,2015-03-10,Simulation,8.5,Great,Colossal Order Ltd.,Paradox Interactive,0,3225,444,7500000,22.99,27.39,68.09,177.16,54.75
Cities in Motion,2011-03-22,Simulation,7.0,Good,Colossal Order Ltd.,Paradox Interactive,0,1,1,350000,14.99,24.75,42.0,61.37,36.36
Cities in Motion 2,2013-04-11,Simulation,7.5,Good,Colossal Order Ltd.,Paradox Interactive,0,157,207,750000,14.99,32.22,84.34,0.0,44.89
Cities XL,2009-10-14,Simulation,8.1,Great,Focus Home Interactive,Focus Home Interactive,0,51,51,150000,7.49,12.75,0.0,0.0,12.75
Citizens of Earth,2015-01-23,RPG,6.5,Okay,Eden Industries,SEGA,0,529,579,150000,9.99,14.65,22.1,34.56,23.98
CivCity: Rome,2006-07-25,Simulation,8.2,Great,FireFly Studios;Firaxis Games,2K,0,0,0,75000,5.99,11.56,30.0,52.47,30.31
"Codename: Panzers, Phase One",2004-09-16,Strategy,8.3,Great,Stormregion;THQ Nordic,THQ Nordic,0,0,0,35000,13.99,15.8,20.8,25.1,19.65
"Codename: Panzers, Phase Two",2005-08-09,Strategy,8.5,Great,Stormregion;THQ Nordic,THQ Nordic,0,0,0,10000,13.99,18.03,19.96,20.17,19.8
Coffee Tycoon,2006-09-15,Simulation,4.0,Bad,The Sociopath Software,The Sociopath Software,0,0,0,10000,7.19,2.0,9.0,10.0,7.12
Cogs,2009-04-27,Puzzle,7.3,Good,"Zero Mass Energy, Inc","Zero Mass Energy, Inc",0,0,0,10000,4.79,5.21,7.84,14.67,7.56
Cold War,2005-10-03,Action,5.8,Mediocre,Mindware Studios,THQ Nordic,0,0,0,35000,4.49,7.76,9.5,11.42,8.59
Combat Wings: Battle of Britain,2009-01-05,Simulation,7.0,Good,City Interactive,CI Games,0,25,25,150000,4.99,3.11,4.43,4.75,3.51
Command & Conquer: Red Alert 3,2008-10-28,Strategy,8.2,Great,EA Los Angeles,Electronic Arts,0,575,395,750000,9.99,20.96,25.08,38.18,23.23
Command & Conquer: Red Alert 3 (Premier Edition),2008-11-05,Strategy,8.2,Great,EA Los Angeles,Electronic Arts,0,575,395,750000,9.99,9.95,17.83,32.95,11.71
Command & Conquer: Red Alert 3 -- Uprising,2009-03-20,Strategy,8.0,Great,EA Los Angeles,Electronic Arts,0,136,205,1500000,9.99,9.95,17.83,32.95,11.71
Command & Conquer 3: Kane's Wrath,2008-03-25,Strategy,7.9,Good,EA Los Angeles,Electronic Arts,0,0,0,350000,9.99,7.91,11.94,19.95,9.5
Command & Conquer 3 Tiberium Wars,2007-03-26,Strategy,8.5,Great,EA Los Angeles,Electronic Arts,0,646,693,750000,9.99,22.99,26.4,35.42,24.6
Command & Conquer 4: Tiberian Twilight,2010-03-18,Strategy,7.4,Good,EA Los Angeles,Electronic Arts,0,160,267,350000,9.99,8.32,10.08,12.21,9.06
Commandos 3: Destination Berlin,2003-10-15,Strategy,8.9,Great,Pyro Studios,Kalypso Media Digital,0,14,20,750000,3.99,13.27,15.52,17.6,13.96
Company of Heroes,2006-09-11,Strategy,9.4,Amazing,Relic Entertainment,SEGA,0,1475,465,750000,0.0,19.33,27.48,77.55,23.39
Company of Heroes: Opposing Fronts,2007-09-28,Strategy,8.8,Great,Relic Entertainment,SEGA,0,79,106,3500000,9.99,13.47,16.08,39.49,16.37
Company of Heroes: Tales of Valor,2009-04-14,Strategy,7.0,Good,Relic Entertainment,SEGA,0,226,133,3500000,9.99,4.49,5.77,24.23,8.08
Company of Heroes 2,2013-06-26,Strategy,8.4,Great,Relic Entertainment;Feral Interactive (Mac);Feral Interactive (Linux),SEGA;Feral Interactive (Mac);Feral Interactive (Linux),18,1846,277,3500000,14.99,15.63,25.03,64.01,20.03
Condemned: Criminal Origins,2006-04-11,Action,8.5,Great,Monolith,SEGA,18,312,312,350000,9.99,6.85,8.22,12.31,7.31
Conflict: Vietnam,2004-10-27,Action,6.7,Okay,Pivotal Games,Square Enix,0,0,0,75000,3.99,10.25,10.98,0.0,10.27
Consortium,2014-01-25,Simulation,7.2,Good,Interdimensional Games Inc,Interdimensional Games Inc,0,151,142,350000,6.99,4.47,6.76,12.06,5.4
Continue?9876543210,2014-01-15,Adventure,7.9,Good,Jason Oda,Jason Oda,0,0,0,35000,6.99,1.95,2.54,0.0,2.33
Contrast,2013-11-13,"Puzzle,Action",7.5,Good,Compulsion Games,Focus Home Interactive,0,91,91,350000,8.49,3.27,3.72,4.14,3.77
Cortex Command,2012-10-09,"Action,Simulation",5.0,Mediocre,Data Realms,"Data Realms, LLC",0,199,229,1500000,14.99,1.67,4.11,12.91,6.5
Cossacks II: Napoleonic Wars,2005-04-26,Strategy,7.7,Good,GSC Game World,GSC World Publishing,0,17,17,75000,3.99,33.84,53.0,85.0,48.88
Costume Quest,2011-11-01,RPG,8.0,Great,Double Fine Productions,Double Fine Productions,0,219,227,350000,6.99,5.55,6.63,7.41,6.75
Costume Quest 2,2014-10-07,RPG,7.6,Good,Double Fine Productions,Midnight City ;Majesco Entertainment,0,0,0,150000,10.99,6.63,7.9,9.56,8.23
Counter-Strike: Global Offensive,2012-08-27,Shooter,8.0,Great,Valve;Hidden Path Entertainment,Valve,0,22494,6502,75000000,0.0,121.25,365.22,770.33,414.3
Counter-Strike: Condition Zero,2004-03-23,Shooter,7.0,Good,Valve,Valve,0,427,43,15000000,7.19,3.69,12.68,112.94,16.99
Craft the World,2015-01-10,Strategy,6.2,Okay,Dekovir Entertainment,Black Maple Games,0,1891,3010,350000,13.99,33.45,84.09,192.43,63.74
Crayon Physics Deluxe,2009-01-15,Puzzle,8.8,Great,Kloonigames,Kloonigames,0,20,26,750000,15.99,3.95,5.64,7.84,4.41
Crazy Machines 2,2008-06-26,Puzzle,6.8,Okay,Fakt Software,Viva Media,0,66,66,150000,7.19,22.0,50.0,0.0,26.67
Critical Mass,2011-06-15,"Puzzle,Action",8.0,Great,Manic Game Studios,Manic Game Studios,0,0,0,150000,1.59,0.93,4.48,0.0,1.22
Crusader Kings,2004-09-24,Strategy,7.6,Good,Paradox Development Studio,Paradox Interactive,0,1366,272,3500000,29.99,9.38,69.49,0.0,19.82
Crusader Kings II,2012-03-05,Strategy,8.0,Great,Paradox Development Studio,Paradox Interactive,0,1366,272,3500000,29.99,67.08,246.22,440.97,165.01
Crypt of the Necrodancer,2015-04-21,"Music,Adventure",8.8,Great,Brace Yourself Games,Brace Yourself Games;Klei Entertainment,0,326,290,1500000,10.99,13.89,26.32,393.35,23.0
Crysis,2007-11-12,Shooter,9.4,Amazing,Crytek,Electronic Arts,0,313,105,1500000,9.99,9.34,11.52,12.01,10.23
Crysis 2,2011-03-22,Shooter,9.0,Amazing,Crytek Studios,Electronic Arts,0,176,208,3500000,19.99,9.04,12.0,14.5,10.08
Crysis 3,2013-02-19,Shooter,8.5,Great,Crytek,Electronic Arts,0,313,105,1500000,9.99,6.64,8.3,12.85,7.38
Crysis Warhead,2008-09-12,Shooter,9.4,Amazing,Crytek,Electronic Arts,0,18,29,750000,7.99,5.07,6.06,6.75,5.45
CSI: Crime Scene Investigation,2003-04-11,Adventure,8.2,Great,VRLab Academy,VRLab Academy,0,0,0,10000,3.99,3.5,4.64,5.35,4.73
Cthulhu Saves the World,2011-07-22,RPG,8.0,Great,Zeboyd Games,Zeboyd Games,0,351,388,750000,0.0,7.68,10.39,13.69,9.49
CTU: Marine Sharpshooter,2003-04-07,Shooter,4.1,Bad,Odin Game Studio,Excalibur Publishing,0,0,0,10000,3.99,2.99,0.0,6.0,4.5
Culpa Innata,2007-11-20,Adventure,4.0,Bad,Momentum Digital Media Technologies,Strategy First,0,0,0,35000,6.99,22.3,25.35,26.0,23.95
Curse: The Eye of Isis,2003-12-10,Adventure,7.8,Good,Asylum entertainment,Microids,0,7,7,35000,1.99,6.67,8.88,11.43,7.49
Daemonica,2006-04-13,"Action,Adventure",7.0,Good,Fearem,Gamifier,0,0,0,10000,10.99,7.0,7.5,0.0,7.33
Damnation,2009-06-15,Shooter,2.5,Painful,Blue Omega Entertainment,Codemasters,0,0,0,75000,6.99,8.13,9.03,10.03,8.5
Dangerous Golf,2016-06-03,"Sports,Action",6.0,Okay,Three Fields Entertainment,Team17 Digital Ltd,0,1,1,150000,14.99,7.76,0.0,32.12,9.07
Dark,2013-07-11,Action,4.0,Bad,Realmforge Studios,Kalypso Media Digital,0,75,75,150000,6.99,7.11,11.41,12.93,10.12
Dark Fall: The Journal,2003-08-20,Adventure,7.8,Good,Darkling Room,THQ Nordic,0,0,0,75000,4.49,4.97,7.87,8.82,6.34
Dark Messiah of Might and Magic,2006-10-27,"Action,RPG",7.0,Good,Arkane Studios,Ubisoft,0,634,700,1500000,4.29,10.27,12.92,17.17,11.95
Dark Sector,2009-03-25,Shooter,7.7,Good,Digital Extremes,ND Games,0,0,0,75000,6.99,8.01,9.52,11.74,8.82
Dark Souls (Prepare to Die Edition),2012-08-31,"Action,RPG",9.0,Amazing,QLOC,"FromSoftware, Inc;BANDAI NAMCO Entertainment",0,1160,1417,350000,34.99,41.67,60.15,105.19,57.33
Dark Souls II,2014-03-11,"Action,RPG",9.0,Amazing,"FromSoftware, Inc","BANDAI NAMCO Entertainment;FromSoftware, Inc",16,2377,3041,1500000,29.99,43.03,62.39,120.3,61.78
Dark Souls III,2016-04-04,"Action,RPG",9.5,Amazing,"FromSoftware, Inc.","FromSoftware, Inc.;BANDAI NAMCO Entertainment",0,4222,1776,3500000,39.99,31.37,48.14,100.58,49.78
Dark Void,2010-01-20,Action,5.0,Mediocre,Airtight Games,Capcom,0,143,143,75000,6.49,7.06,9.49,17.29,7.84
Darkest Dungeon,2016-01-27,RPG,9.1,Amazing,Red Hook Studios,Red Hook Studios,0,1121,619,3500000,18.99,56.84,84.65,128.14,80.36
Darkest of Days,2009-09-09,Shooter,4.0,Bad,8monkey Labs,Phantom EFX,0,0,0,10000,14.99,6.54,7.28,8.33,6.8
Darkness Within: In Pursuit of Loath Nolder,2007-12-07,Adventure,5.1,Mediocre,Zoetrope Interactive,Iceberg Interactive,0,0,0,75000,5.59,7.61,9.18,11.36,8.99
Darksiders II,2012-08-17,Action,7.5,Good,Gunfire Games,THQ Nordic,0,1716,1851,150000,44.99,21.54,29.08,44.97,26.83
DarkStar One,2006-08-23,"Action,Adventure",8.0,Great,Ascaron Entertainment ltd.,Strategy First,0,0,0,150000,6.99,21.93,24.35,27.11,26.02
Darwinia,2005-03-25,Strategy,8.8,Great,Introversion Software,Introversion Software,0,182,273,750000,7.19,10.12,14.76,21.61,12.2
Day of Defeat,2003-05-23,Shooter,8.0,Great,Valve,Valve,0,187,34,7500000,3.99,4.55,24.66,103.61,12.08
Day of Defeat: Source,2005-09-27,Shooter,8.4,Great,Valve,Valve,0,1356,134,7500000,7.19,2.72,8.31,10.0,4.69
Day of the Tentacle: Remastered,2016-03-21,Adventure,8.8,Great,Double Fine Productions,Double Fine Productions,0,189,237,350000,10.99,5.21,5.82,6.41,5.72
Daylight,2014-04-29,Adventure,5.8,Mediocre,Zombie Studios,Zombie Studios,16,184,184,75000,6.99,2.08,3.83,6.79,2.4
DC Universe Online,2011-01-28,RPG,7.0,Good,Daybreak Game Company,Daybreak Game Company,0,2990,3851,3500000,0.0,74.77,115.42,222.69,110.2
Dead Island,2011-09-07,Action,8.0,Great,Techland,Deep Silver,18,184,184,350000,11.99,18.35,27.87,48.59,25.85
Dead Rising 2,2010-09-30,"Action,Adventure",8.0,Great,Capcom Vancouver,Capcom,18,1108,993,750000,14.99,14.36,17.68,50.9,17.61
Dead Rising 2: Off the Record,2011-10-11,"Action,Adventure",7.0,Good,Capcom Vancouver,Capcom,18,435,621,350000,14.99,13.01,19.82,39.62,18.47
Dead Rising 3,2014-09-04,Action,8.3,Great,Capcom Vancouver,Capcom,18,1108,993,750000,14.99,13.97,21.95,44.54,19.26
Dead Space,2008-10-23,"Action,Adventure",8.7,Great,EA Redwood Shores,Electronic Arts,0,295,178,3500000,14.99,12.08,16.02,29.86,15.36
Dead Space 2,2011-01-21,"Action,Adventure",9.0,Amazing,Visceral Games,Electronic Arts,0,292,272,1500000,14.99,9.09,11.55,16.33,10.14
Dead Space 3,2013-02-07,"Action,Adventure",7.8,Good,Visceral Games,Electronic Arts,0,292,272,1500000,14.99,12.75,16.36,24.37,14.97
Dead State,2014-12-18,RPG,6.8,Okay,DoubleBear Productions,DoubleBear Productions,0,1264,1264,75000,14.99,39.98,92.49,132.57,94.9
Deadfall Adventures,2013-11-27,Shooter,4.0,Bad,The Farm 51,THQ Nordic,0,0,0,150000,17.99,8.02,12.19,13.26,9.53
Dear Esther,2012-02-13,Adventure,8.0,Great,The Chinese Room;Robert Briscoe,The Chinese Room,0,61,120,350000,7.99,1.29,1.61,2.49,1.55
Death to Spies,2007-11-26,Action,8.0,Great,Haggard Games,1C Entertainment,0,64,84,150000,3.99,12.61,14.85,17.18,13.49
Death Track: Resurrection,2009-04-08,Racing,6.7,Okay,Sky Fallen,1C Entertainment,0,0,0,35000,1.99,3.0,3.5,0.0,3.41
DeathSpank: Thongs of Virtue,2010-11-30,"Action,RPG",8.5,Great,Hothead Games,Electronic Arts,0,0,0,75000,7.99,9.85,12.43,15.52,13.68
DeathSpank,2010-10-27,"Action,RPG",8.5,Great,Hothead Games,Electronic Arts,0,1008,1008,150000,7.99,8.88,11.08,11.84,11.18
DEFCON,2006-10-20,Strategy,8.5,Great,Introversion Software,Introversion Software,0,80,119,750000,7.19,1.18,3.62,6.42,1.9
Defenders of Ardania,2012-03-19,Strategy,4.5,Bad,Most Wanted Entertainment,Paradox Interactive,0,28,55,35000,8.99,5.78,0.0,9.94,8.96
Defense Grid: The Awakening,2008-12-22,"Strategy,RPG",8.0,Great,Hidden Path Entertainment,Hidden Path Entertainment,0,455,686,750000,6.99,11.33,28.85,103.72,21.83
Defiance,2013-04-17,Action,5.9,Mediocre,Trion Worlds,Trion Worlds,18,953,324,3500000,0.0,33.2,42.01,4500.0,197.93
Defy Gravity Extended,2011-08-23,Action,8.0,Great,Paul Fisch,Fish Factory Games,0,158,186,1500000,0.79,1.94,2.69,3.67,2.76
Delta Force: Xtreme 2,2009-06-12,Shooter,4.8,Bad,NovaLogic,NovaLogic;THQ Nordic,0,0,0,35000,3.99,3.35,3.49,4.96,3.73
Demigod,2009-04-17,"Strategy,RPG",7.5,Good,Gas Powered Games,Stardock Entertainment,0,149,270,150000,7.19,3.55,8.12,36.0,5.91
Demigod (Collector's Edition),2009-04-23,"Strategy,RPG",7.5,Good,Gas Powered Games,Stardock Entertainment,0,149,270,150000,7.19,3.55,8.12,36.0,5.91
Depth,2014-11-12,Action,7.7,Good,Digital Confectioners,Digital Confectioners,0,791,486,1500000,14.99,4.5,64.0,84.0,37.12
Desperados 2: Cooper's Revenge,2006-06-08,Strategy,7.1,Good,Spellbound,THQ Nordic,0,0,0,75000,6.99,24.25,26.03,0.0,24.52
Deus Ex: Invisible War,2003-12-01,"Action,Adventure",9.0,Amazing,Ion Storm,Square Enix,16,24,31,750000,4.99,9.15,13.55,18.53,12.65
Deus Ex: Human Revolution,2011-08-23,Shooter,9.0,Amazing,Ion Storm,Square Enix,16,324,245,1500000,4.99,21.44,30.15,44.52,29.2
Deus Ex: Human Revolution -- The Missing Link,2011-10-18,Shooter,8.0,Great,Ion Storm,Square Enix,16,324,245,1500000,4.99,4.61,5.88,7.27,5.82
Deus Ex: The Fall,2014-03-24,Shooter,3.0,Awful,Square Enix,Square Enix,18,81,81,750000,7.99,4.24,5.49,8.06,5.61
Deus Ex: Mankind Divided,2016-08-19,"Action,RPG",9.2,Amazing,Eidos Montreal;Feral Interactive (Linux);Feral Interactive (Mac),Square Enix;Feral Interactive (Linux);Feral Interactive (Mac),18,798,977,1500000,19.99,16.04,30.87,52.9,30.02
Devil Daggers,2016-02-27,Shooter,8.5,Great,Sorath,Sorath,0,216,399,350000,3.99,4.77,37.04,87.18,23.75
Devil May Cry 4,2008-07-23,Action,8.0,Great,Capcom,Capcom,0,789,946,350000,15.99,11.48,15.05,64.56,12.93
Dino D-Day,2011-04-20,Shooter,5.5,Mediocre,800 North and Digital Ranch,800 North and Digital Ranch,0,172,150,1500000,6.99,5.95,0.0,14.2,9.14
Dirt Rally,2015-12-22,Racing,8.9,Great,Codemasters Racing Studio;Feral Interactive (Linux);Feral Interactive (Mac),Codemasters;Feral Interactive (Linux);Feral Interactive (Mac),0,488,251,1500000,24.99,28.71,65.58,153.31,54.53
Disciples II: Rise of the Elves,2003-12-05,Strategy,7.9,Good,Strategy First,Strategy First,0,0,0,150000,4.99,78.34,87.61,109.21,89.51
Disciples III: Renaissance,2010-08-31,Strategy,6.0,Okay,Akella,Kalypso Media Digital,0,889,889,75000,9.99,25.0,71.92,165.36,82.99
Dishonored,2012-10-07,Action,9.2,Amazing,Arkane Studios,Bethesda Softworks,0,749,565,3500000,7.99,12.15,18.46,37.5,16.46
Divekick,2013-09-05,Fighting,7.0,Good,Iron Galaxy,Iron Galaxy,0,238,272,350000,3.99,0.66,5.98,46.73,1.51
Divinity: Original Sin,2014-07-15,RPG,9.0,Amazing,Larian Studios,Larian Studios,0,430,686,350000,29.99,66.29,85.3,108.6,86.31
Divinity II: Ego Draconis,2010-01-15,RPG,7.0,Good,Larian Studios,Larian Studios;Focus Home Interactive,0,2511,70,750000,14.99,27.52,30.37,40.95,31.61
DmC: Devil May Cry,2013-01-14,Action,8.9,Great,Ninja Theory,Capcom,16,533,558,1500000,23.99,9.18,12.26,40.48,10.86
Don Bradman Cricket,2014-07-03,"Sports,Simulation",8.0,Great,Big Ant Studios,Big Ant Studios,0,0,0,35000,15.49,30.0,45.0,50.0,43.33
Doom,2016-05-16,Shooter,7.1,Good,id Software,Bethesda Softworks,18,751,560,3500000,14.99,11.61,16.42,27.1,14.55
Doom 3: BFG Edition,2012-10-25,RPG,7.6,Good,id Software,Bethesda Softworks,18,644,985,750000,14.99,9.53,15.98,37.78,13.84
Doom 3,2004-08-05,Shooter,8.9,Great,id Software,id Software,0,362,394,350000,0.0,10.93,13.06,16.63,11.98
Doom 3: Resurrection of Evil,2005-04-04,Shooter,8.4,Great,id Software,id Software,0,362,394,350000,0.0,4.06,5.04,5.78,4.4
Dota 2,2013-07-24,RPG,9.4,Amazing,Valve,Valve,0,23944,801,150000000,0.0,772.09,1132.55,2393.14,1270.77
Dracula: Origin,2008-06-02,Adventure,8.0,Great,Waterlily Games,Frogwares,0,0,0,35000,6.99,6.09,7.11,9.09,6.91
Dracula 3: The Path of the Dragon,2008-08-25,Adventure,7.2,Good,Microids,Microids,0,0,0,35000,5.59,8.13,8.85,18.2,9.91
Dragon Age: Origins,2009-11-03,RPG,9.0,Amazing,BioWare,Electronic Arts,0,2061,2889,750000,14.99,40.34,58.07,87.14,56.42
Dragon's Prophet,2013-10-08,RPG,5.1,Mediocre,Runewaker,Infernum Productions AG,0,152,183,350000,0.0,40.0,0.0,0.0,40.0
Drake,2004-03-08,Action,2.9,Painful,Konsordo,Konsordo,0,116,217,150000,3.99,0.0,1.07,0.0,1.07
Drakensang: The Dark Eye,2009-02-23,RPG,7.6,Good,Radon Labs,DTP Entertainment,0,0,0,150000,6.99,31.73,49.96,60.45,50.09
Drawn: Dark Flight,2010-09-01,Adventure,7.5,Good,Big Fish Studios,"Big Fish Games, Inc.",0,0,0,10000,6.99,2.55,0.0,3.84,2.88
Dream Pinball 3D,2008-05-02,Pinball,5.1,Mediocre,ASK Homework,Topware Interactive ACE,0,273,284,350000,4.99,0.87,1.07,1.83,1.18
Dreamfall: The Longest Journey,2006-04-17,Adventure,7.4,Good,Funcom,Funcom,0,20,20,150000,13.99,12.32,13.37,14.89,13.17
Dreamfall Chapters,2014-11-12,Adventure,6.5,Okay,Red Thread Games,Red Thread Games,0,335,335,350000,18.99,22.0,24.83,35.97,24.93
Ducati World Championship,2007-09-25,Racing,3.0,Awful,Artematica Entertainment,Strategy First,0,0,0,35000,3.99,9.0,11.17,13.33,11.17
DuckTales Remastered,2013-08-12,Platformer,7.0,Good,WayForward,Capcom,0,240,313,350000,11.99,3.68,5.14,10.88,4.53
Duke Nukem Forever,2011-06-14,Shooter,5.5,Mediocre,Gearbox Software,2K,18,434,472,1500000,14.99,9.17,12.33,21.73,10.61
Dungeon Defenders,2011-11-01,Strategy,8.5,Great,Trendy Entertainment,Trendy Entertainment,0,1993,1205,1500000,9.99,14.73,62.55,459.29,48.66
Dungeon of the Endless,2014-11-13,"Adventure,RPG",8.1,Great,AMPLITUDE Studios,SEGA,0,648,295,750000,8.99,7.95,25.03,110.44,18.76
Dungeon Siege: Legends of Aranna,2003-11-19,"Action,RPG",7.0,Good,Gas Powered Games,Square Enix,0,228,347,350000,4.99,8.24,15.19,21.05,15.46
Dungeon Siege II,2005-08-15,RPG,8.5,Great,Gas Powered Games,Square Enix,0,754,1502,750000,4.99,27.9,41.19,59.49,37.51
Dungeon Siege III,2011-06-21,RPG,6.5,Okay,Gas Powered Games,Square Enix,0,754,1502,750000,4.99,14.75,17.91,26.49,17.94
Dungeons,2011-02-25,Strategy,6.5,Okay,Realmforge Studios,Kalypso Media Digital,0,112,112,350000,6.99,18.06,20.5,27.0,19.93
Dungeons & Dragons: Dragonshard,2005-09-22,Strategy,8.4,Great,Iron Galaxy Studios,Capcom,0,0,0,150000,11.99,15.57,16.51,0.0,16.14
Dungeons 2,2015-04-21,Strategy,5.2,Mediocre,Realmforge Studios,Kalypso Media Digital,0,282,296,1500000,14.99,15.5,21.05,28.5,19.49
Dungeons of Dredmor,2011-07-28,RPG,8.5,Great,"Gaslamp Games, Inc.","Gaslamp Games, Inc.",0,800,1302,750000,3.49,18.49,36.79,81.47,30.56
Dying Light,2015-01-27,Action,8.5,Great,Techland,Techland Publishing,18,2033,1299,3500000,24.99,18.09,36.08,63.75,31.22
Earth 2160,2005-11-15,Strategy,7.9,Good,Reality Pump Studios,Topware Interactive;ACE,0,405,414,1500000,3.99,22.71,0.0,31.02,26.87
East India Company,2009-07-30,Strategy,7.7,Good,Nitro Games,Nitro Games,0,0,0,75000,7.99,0.0,0.0,34.78,34.78
Edna & Harvey: Harvey's New Eyes,2012-10-26,Adventure,6.0,Okay,Daedalic Entertainment,Daedalic Entertainment,0,170,268,350000,15.99,7.5,8.53,9.68,8.28
El Matador,2006-10-23,Action,5.3,Mediocre,Plastic Reality Technologies,1C Entertainment,0,0,0,35000,2.79,3.84,4.08,9.1,4.2
Elite: Dangerous,2014-12-19,Action,7.4,Good,Frontier Developments,Frontier Developments,0,4545,2579,1500000,19.99,117.15,250.16,676.78,269.61
Elite Warriors: Vietnam,2005-04-26,Shooter,5.0,Mediocre,N-Fusion Interactive,Retroism,0,0,0,10000,6.99,5.21,0.0,0.0,5.21
Elven Legacy,2009-04-15,Strategy,7.7,Good,1C:InoCo,1C Entertainment,0,27,27,75000,3.99,8.52,10.97,40.75,12.15
Empire: Total War,2009-02-27,Strategy,9.5,Amazing,Clecota Games,Clecota Games,0,0,0,10000,3.99,22.39,80.2,99.44,51.52
Enclave,2003-04-08,"Action,Adventure",7.3,Good,Starbreeze,Topware Interactive,0,213,227,1500000,3.99,8.22,12.26,15.67,10.65
Endless Legend,2014-09-23,Strategy,8.3,Great,AMPLITUDE Studios,SEGA,0,1045,727,1500000,22.99,15.88,34.45,96.42,25.32
Endless Space,2012-07-06,Strategy,8.0,Great,AMPLITUDE Studios,SEGA,0,1102,352,1500000,0.0,16.07,40.98,110.6,27.97
Enemy Front,2014-06-17,Shooter,4.7,Bad,CI Games,CI Games,0,116,122,350000,15.99,5.71,7.54,10.45,6.41
Enter the Gungeon,2016-04-05,Shooter,8.5,Great,Dodge Roll,Devolver Digital,0,1625,1060,1500000,10.99,22.6,62.2,160.92,68.89
Escape Dead Island,2014-11-18,Action,6.8,Okay,Fatshark,Deep Silver,16,0,0,75000,10.99,6.32,8.82,17.0,8.34
Escape from Paradise City,2007-11-01,Strategy,6.0,Okay,Gogiii,iWin,0,0,0,10000,6.99,0.0,17.0,0.0,17.0
Escape Goat,2012-06-25,Platformer,8.0,Great,MagicalTimeBean,MagicalTimeBean,0,0,0,35000,3.99,2.6,3.3,4.2,3.04
Ether One,2014-04-18,Adventure,7.9,Good,White Paper Games,White Paper Games,0,0,0,75000,14.99,5.59,10.09,11.1,9.56
Etherlords II,2003-09-30,Strategy,8.0,Great,Nival,Nival,0,0,0,150000,3.99,16.18,37.9,45.35,35.7
Europa Universalis: Rome,2008-04-14,Strategy,8.7,Great,Paradox Development Studio,Paradox Interactive,0,4975,4975,75000,7.99,18.33,0.0,0.0,18.33
Europa Universalis III,2007-01-24,Strategy,8.5,Great,Paradox Development Studio,Paradox Interactive,0,8138,4572,1500000,34.99,62.6,252.08,658.76,170.34
Europa Universalis IV,2013-08-15,Strategy,8.9,Great,Paradox Development Studio,Paradox Interactive,0,8138,4572,1500000,34.99,95.71,349.88,1581.13,367.22
EVE Online,2003-06-23,RPG,8.0,Great,CCP,CCP,0,5123,230,1500000,0.0,1553.13,3177.16,6499.35,2486.24
EverQuest: Omens of War,2004-10-13,RPG,9.0,Amazing,Daybreak Game Company,Daybreak Game Company,0,20,20,750000,0.0,300.0,0.0,0.0,300.0
EverQuest II,2004-11-29,RPG,8.5,Great,Daybreak Game Company,Daybreak Game Company,0,548,604,750000,0.0,0.0,1655.9,0.0,1655.9
Evil Genius,2004-09-28,Strategy,7.8,Good,Elixir Studios,Rebellion,0,287,318,350000,6.99,26.81,29.97,43.98,31.41
Evolve,2015-02-12,Shooter,9.0,Amazing,Rusty Bolt,Rusty Bolt,0,0,0,10000,6.99,4.5,8.31,61.52,10.38
Exodus from the Earth,2008-10-27,Shooter,6.2,Okay,Parallax Arts Studio,Strategy First,0,0,0,10000,10.99,8.82,0.0,9.57,9.15
Expand,2015-10-02,Puzzle,8.0,Great,Chris Johnson;Chris Larkin,Chris Johnson;Chris Larkin,0,0,0,75000,4.79,2.1,2.04,2.1,2.09
F.E.A.R.,2005-10-12,Shooter,9.2,Amazing,"Monolith Productions, Inc.;Timegate",Warner Bros. Interactive Entertainment,18,389,498,1500000,35.96,8.17,10.11,12.2,8.94
F.E.A.R. 2: Project Origin,2009-02-10,Shooter,8.3,Great,Monolith,Warner Bros. Interactive Entertainment,0,301,367,1500000,9.99,7.12,8.7,10.73,7.75
F.E.A.R. 3,2011-06-21,Shooter,8.0,Great,Day 1 Studios,Warner Bros. Interactive Entertainment,18,310,298,1500000,12.99,5.8,7.83,17.19,6.54
F1 2012,2012-09-17,Racing,9.0,Amazing,Codemasters Birmingham,Codemasters,0,1623,2887,350000,14.99,39.4,52.38,81.22,45.27
F1 2013,2013-10-04,Racing,8.0,Great,Codemasters Birmingham,Codemasters,0,3,3,150000,9.99,28.8,42.26,64.01,33.58
F1 2015,2015-07-17,Racing,4.8,Bad,Codemasters;Feral Interactive (Linux),Codemasters;Feral Interactive (Linux),0,305,372,3500000,29.99,14.08,25.59,47.24,19.45
F1 2016,2016-08-24,Racing,8.8,Great,Codemasters;Feral Interactive (Mac),Codemasters;Feral Interactive (Mac),0,1397,1777,350000,39.99,20.4,40.86,73.75,30.37
Fable: The Lost Chapters,2005-09-16,"Action,RPG",8.7,Great,Lionhead Studios,Microsoft Studios,0,494,555,750000,6.99,15.04,20.32,37.96,20.98
Faces of War,2006-10-06,Strategy,7.0,Good,Best Way,1C Entertainment,0,0,0,35000,3.99,29.9,30.48,31.4,30.73
Faery: Legends Of Avalon,2011-05-16,RPG,7.0,Good,Spiders Studio,Focus Home Interactive,0,1,1,75000,6.99,5.77,7.98,9.57,8.81
Fahrenheit: Indigo Prophecy Remastered,2015-02-12,Adventure,6.2,Okay,Aspyr;Quantic Dream (original release),Aspyr,0,34,34,350000,6.99,8.13,9.11,9.96,8.69
Fallen Enchantress,2012-11-16,Strategy,7.9,Good,Stardock Entertainment,Stardock Entertainment,0,1610,2874,350000,19.49,19.9,58.73,0.0,23.15
Fallout: New Vegas,2010-10-19,RPG,9.0,Amazing,Obsidian Entertainment,Bethesda Softworks,18,2485,1431,3500000,7.99,26.93,60.08,131.45,57.55
Fallout 3,2008-10-27,"Action,RPG",9.6,Amazing,Bethesda Game Studios,Bethesda Softworks,0,588,617,750000,7.99,22.21,52.26,113.89,46.61
Fallout 3 (Collector's Edition),2008-10-28,"Action,RPG",9.6,Amazing,Bethesda Game Studios,Bethesda Softworks,0,588,617,750000,7.99,22.21,52.26,113.89,46.61
Fallout 4,2015-11-09,RPG,9.5,Amazing,Bethesda Game Studios,Bethesda Softworks,18,4822,2904,7500000,19.99,27.6,83.15,160.05,80.45
Fantasy Wars,2007-12-10,Strategy,7.8,Good,Ino-Co,1C Entertainment,0,0,0,75000,3.99,20.76,24.86,62.5,30.57
Far Cry,2004-03-19,Shooter,9.2,Amazing,Crytek Studios,Ubisoft,0,126,229,750000,8.59,12.84,16.14,19.3,14.33
Far Cry 2,2008-10-21,Shooter,8.9,Great,Ubisoft Montreal,Ubisoft,0,257,229,1500000,8.59,17.05,25.97,41.03,23.0
Far Cry 3,2012-11-21,Shooter,9.0,Amazing,"Ubisoft Montreal, Massive Entertainment, and Ubisoft Shanghai",Ubisoft,0,836,794,3500000,16.99,15.86,25.52,36.55,24.17
Far Cry 4,2014-11-14,Shooter,8.5,Great,"Ubisoft Montreal, Red Storm, Shanghai, Toronto, Kiev",Ubisoft,0,1062,977,1500000,25.99,17.84,31.26,46.85,30.75
Farming Simulator 2013,2012-11-07,Simulation,7.1,Good,Giants Software,Giants Software,0,0,0,75000,7.19,11.77,47.17,185.87,93.01
Fate: Undiscovered Realms,2008-12-15,RPG,7.0,Good,WildTangent,WildTangent,0,220,220,75000,5.59,12.59,18.93,59.8,18.68
Fenix Rage,2014-09-24,Platformer,6.0,Okay,Green Lava Studios,Reverb Triple XP,0,0,0,35000,9.99,4.75,9.75,35.0,11.15
Fez,2013-05-01,Platformer,9.5,Amazing,Polytron Corporation,Trapdoor,0,144,198,1500000,6.99,5.98,8.3,11.71,8.65
Fieldrunners 2,2013-01-25,Strategy,8.1,Great,Subatomic Studios LLC,Subatomic Studios LLC,0,0,0,150000,6.99,9.22,21.24,28.72,11.93
Final Fantasy XI,2004-01-13,RPG,8.0,Great,Square Enix,Square Enix,16,1497,1797,750000,10.99,96.17,598.76,2207.57,385.18
Final Fantasy XIV Online,2010-10-11,RPG,5.5,Mediocre,Square Enix,Square Enix,16,28897,9324,1500000,9.99,0.0,1067.0,0.0,1067.0
Firefall,2014-08-12,Action,5.7,Mediocre,Shockk,Shockk,0,0,0,10000,3.99,30.0,0.0,0.0,30.0
Firewatch,2016-02-08,Adventure,9.3,Amazing,Campo Santo,Panic;Campo Santo,0,206,257,750000,14.99,4.06,4.67,5.17,4.45
Flashback,2013-08-21,Action,5.8,Mediocre,Paul Cuisset,Microids,0,0,0,10000,8.99,6.2,6.26,8.68,6.53
FlatOut: Ultimate Carnage,2008-09-12,Racing,7.8,Good,Bugbear Entertainment,Strategy First,0,37,71,350000,16.99,14.74,20.65,28.64,18.43
FlatOut 2,2006-08-03,Racing,8.3,Great,Bugbear Entertainment,Strategy First,0,293,351,750000,5.99,12.55,16.44,21.59,15.77
Flight Control HD,2010-12-14,Simulation,8.0,Great,Firemint,Firemint,0,85,85,75000,2.99,1.69,3.84,9.54,5.37
Flock,2009-04-15,"Puzzle,Action",6.9,Okay,Proper Games,Capcom,0,0,0,35000,3.49,4.41,6.52,11.86,6.92
Football Manager 2012,2011-10-17,"Sports,Simulation",9.0,Amazing,Sports Interactive,SEGA,0,19379,23360,1500000,37.99,364.42,413.63,492.88,416.87
Football Manager 2013,2012-11-03,"Sports,Simulation",9.0,Amazing,Sports Interactive,SEGA,0,19379,23360,1500000,37.99,222.01,288.67,420.63,367.03
Football Manager 2014,2013-10-31,"Sports,Simulation",8.0,Great,Sports Interactive,SEGA,0,19379,23360,1500000,37.99,497.47,507.38,604.74,541.74
Football Manager 2015,2014-11-07,"Sports,Simulation",8.9,Great,Sports Interactive,SEGA,0,19379,23360,1500000,37.99,394.12,585.94,1084.83,565.04
Fortix 2,2011-05-24,Action,7.5,Good,Nemesys Games,Nemesys Games,0,487,487,150000,1.59,3.19,6.0,15.69,4.97
Freedom Fighters,2003-09-30,"Action,Adventure",8.4,Great,Numb Thumb Studios,Numb Thumb Studios,0,0,0,10000,0.79,7.78,9.52,13.35,8.58
Freedom Force vs. the 3rd Reich,2005-03-03,RPG,9.0,Amazing,Irrational Games,2K,0,23,23,350000,2.99,9.66,15.57,23.27,11.91
FreeStyle Street Basketball,2007-06-29,Sports,6.8,Okay,Joycity,Joycity,0,1571,755,3500000,0.0,5.95,0.0,0.0,5.95
From Dust,2011-09-01,Simulation,8.5,Great,Ubisoft Montpellier,Ubisoft,0,358,399,350000,8.59,6.7,8.95,12.38,8.23
Front Mission Evolved,2010-10-01,Shooter,6.0,Okay,Double Helix Games,Square Enix,0,312,312,350000,7.99,7.44,10.77,18.27,8.21
Frontlines: Fuel of War,2008-02-26,Shooter,7.8,Good,Kaos Studios,THQ Nordic,0,154,154,350000,9.99,5.43,7.74,11.03,5.75
Frozen Cortex,2015-02-26,"Strategy,Simulation",8.1,Great,Mode 7,Mode 7,0,0,0,35000,18.99,4.3,0.0,0.0,4.3
Frozen Synapse,2011-06-15,Strategy,8.5,Great,Mode 7,Mode 7,0,183,227,750000,18.99,23.62,29.91,37.89,25.25
Frozen Synapse Prime,2014-11-14,Strategy,8.7,Great,Double Eleven,Double Eleven,0,0,0,75000,18.99,17.52,18.0,33.6,21.63
FTL: Faster Than Light,2014-04-25,Simulation,9.6,Amazing,Subset Games,Subset Games,0,1111,633,3500000,6.99,12.28,31.64,112.97,25.77
Full Spectrum Warrior,2004-09-24,Strategy,8.8,Great,Pandemic Studios,THQ Nordic,0,124,244,150000,7.99,9.47,10.55,0.0,9.52
Full Spectrum Warrior: Ten Hammers,2006-03-28,Strategy,8.2,Great,Pandemic Studios,THQ Nordic,0,1,1,150000,4.99,14.5,0.0,0.0,14.5
Furi,2016-07-13,Action,6.8,Okay,The Game Bakers,The Game Bakers,0,535,682,750000,14.99,5.49,7.59,17.5,6.49
Gabriel Knight: Sins of the Fathers -- 20th Anniversary Edition,2014-10-24,Adventure,7.0,Good,Phoenix Online Studios;Pinkerton Road Studio,Pinkerton Road Studio,0,305,305,75000,12.99,10.3,14.22,15.3,12.44
Galactic Civilizations,2003-04-08,Strategy,8.2,Great,Stardock Entertainment,Stardock Entertainment,0,199,264,750000,23.79,6.0,0.0,0.0,6.0
Galactic Civilizations II: Dread Lords,2006-03-07,Strategy,8.7,Great,Stardock Entertainment,Stardock Entertainment,0,13,17,750000,14.99,20.48,0.0,0.0,20.48
Galactic Civilizations III,2015-05-14,Strategy,8.6,Great,Stardock Entertainment,Stardock Entertainment,0,199,264,750000,23.79,27.21,37.12,54.94,32.74
Garshasp,2011-05-31,Action,5.0,Mediocre,Dead Mage,Digital Dragon,0,0,0,75000,3.99,1.48,0.0,1.48,1.49
Gears of War,2007-11-07,Shooter,8.7,Great,Jumb-O-Fun Games Inc,Jumb-O-Fun Games Inc,0,0,0,35000,0.0,9.05,12.22,29.17,10.51
Gemini: Heroes Reborn,2016-01-20,Adventure,6.4,Okay,Phosphor Games,Phosphor Games,16,0,0,75000,3.99,3.55,3.97,6.38,4.12
Gemini Rue,2011-04-01,Adventure,9.0,Amazing,Joshua Neurnberger,Wadjet Eye Games,0,97,97,350000,6.99,6.88,7.93,11.08,7.45
Genesis Rising: The Universal Crusade,2007-04-04,Strategy,6.5,Okay,Metamorf,THQ Nordic,0,0,0,35000,4.49,8.0,0.0,0.0,8.0
Ghost Master: The Gravenville Chronicles,2003-09-11,Strategy,7.0,Good,Sick Puppies,Strategy First,0,21,21,150000,3.99,13.37,16.41,26.83,16.86
Gladiator: Sword of Vengeance,2003-11-18,Action,8.0,Great,Throwback Entertainment,Throwback Entertainment,0,0,0,10000,5.79,8.5,10.82,0.0,10.11
Goat Simulator,2014-04-01,Action,8.0,Great,Coffee Stain Studios,Coffee Stain Publishing,0,309,149,3500000,7.19,2.17,6.31,11.15,6.6
Gods Will Be Watching,2014-07-25,Adventure,8.0,Great,Deconstructeam,Devolver Digital,16,155,183,350000,6.99,6.25,9.37,16.93,8.1
Gone Home,2013-08-15,Simulation,9.5,Amazing,Fullbright,Fullbright,0,90,129,750000,10.99,1.99,2.53,3.12,2.2
Gothic 3,2006-11-28,"Action,RPG",4.9,Bad,Piranha Bytes,THQ Nordic,0,1401,1652,750000,8.99,45.06,67.86,114.08,67.56
Gothic II,2003-11-11,"Action,RPG",8.0,Great,Piranha Bytes,THQ Nordic,0,102,132,350000,8.99,45.17,51.8,68.56,52.41
Grand Ages: Rome,2009-03-20,Strategy,6.8,Okay,Haemimont Games,Kalypso Media Digital,0,319,319,350000,6.99,26.57,48.0,0.0,33.17
Grand Theft Auto: Vice City,2003-05-22,"Action,Adventure",9.3,Amazing,Rockstar Games,Rockstar Games,18,209,93,3500000,5.99,17.21,24.34,38.1,22.9
Grand Theft Auto: San Andreas,2005-06-07,"Action,Adventure",9.3,Amazing,Rockstar Games,Rockstar Games,18,807,249,3500000,9.99,30.25,45.21,72.03,42.16
Grand Theft Auto: Episodes from Liberty City,2010-04-16,Compilation,9.2,Amazing,Rockstar North / Toronto,Rockstar Games,18,508,112,3500000,14.99,18.75,25.85,42.87,22.73
Grand Theft Auto IV,2008-12-02,"Action,Adventure",9.2,Amazing,Rockstar North;Rockstar Toronto,Rockstar Games,0,1255,634,3500000,19.99,27.14,40.53,73.86,34.21
Grand Theft Auto V,2015-04-14,"Action,Adventure",10.0,Masterpiece,Rockstar North,Rockstar Games,18,9837,4834,15000000,24.99,32.06,51.3,87.86,45.32
Gravity Ghost,2015-02-05,Other,7.4,Good,Ivy Games,Ivy Games,0,0,0,10000,10.99,2.97,3.35,4.02,3.22
Gray Matter,2011-04-27,Adventure,7.5,Good,WizarBox Production,Viva Media Inc,0,0,0,75000,6.99,11.77,13.03,14.3,13.01
Grey Goo,2015-01-23,Strategy,7.6,Good,Petroglyph,Grey Box,0,434,474,350000,22.99,14.45,18.58,23.37,16.03
Grid 2,2013-05-28,Racing,8.0,Great,Codemasters Racing;Feral Interactive (Mac),Codemasters;Feral Interactive (Mac),0,340,243,1500000,19.98,17.69,21.37,29.54,21.13
Grid Autosport,2014-06-24,Racing,8.3,Great,Codemasters Racing;Feral Interactive (Mac);Feral Interactive (Linux),Codemasters;Feral Interactive (Mac);Feral Interactive (Linux),0,228,417,750000,24.99,32.39,61.2,123.74,51.61
Grim Dawn,2016-03-07,"Action,RPG",8.7,Great,Crate Entertainment,Crate Entertainment,0,3651,1539,1500000,19.99,21.52,48.7,218.03,42.63
Grim Fandango Remastered,2015-01-27,Adventure,9.3,Amazing,Double Fine Productions,Double Fine Productions,0,285,322,750000,10.99,10.94,11.55,12.15,11.29
Ground Control II: Operation Exodus,2004-06-15,Strategy,8.8,Great,Massive Entertainment,Rebellion,0,0,0,35000,3.99,9.8,11.72,12.92,11.8
Grow Home,2015-02-07,Platformer,8.8,Great,"Reflections, a Ubisoft Studio",Ubisoft,0,142,162,350000,6.69,2.57,4.47,7.8,4.36
Grow Up,2016-08-18,Platformer,7.8,Good,"Reflections, a Ubisoft Studio",Ubisoft,0,323,323,75000,8.59,4.01,6.22,9.37,6.4
Guacamelee!,2013-08-07,"Platformer,Action",9.1,Amazing,DrinkBox Studios,DrinkBox Studios,0,0,0,35000,15.49,6.16,8.82,14.36,8.6
Guild of Dungeoneering,2015-07-28,RPG,7.0,Good,Gambrinous,Versus Evil,0,542,549,350000,10.99,11.58,17.9,27.21,16.21
Guild Wars,2005-05-11,RPG,9.0,Amazing,Alda Games,Alda Games,0,0,0,10000,0.0,85.95,287.72,1841.9,340.17
Gumboy Tournament,2008-06-03,Action,6.6,Okay,"CINEMAX, s.r.o.","CINEMAX, s.r.o.",0,46,49,75000,1.79,7.5,0.0,0.0,7.5
Gun,2005-11-08,Shooter,8.0,Great,Neversoft,Activision,0,462,889,75000,9.99,6.63,8.62,12.97,8.88
Gunpoint,2013-06-21,"Puzzle,Action",9.0,Amazing,Suspicious Developments,Suspicious Developments,0,212,242,750000,6.0,3.04,4.25,6.5,3.85
Guns of Icarus Online,2012-11-16,Shooter,7.3,Good,Muse Games,Muse Games,0,275,295,3500000,3.99,6.02,45.75,0.0,13.8
Hack 'n' Slash,2014-09-22,RPG,7.7,Good,Double Fine Productions,Double Fine Productions,0,46,46,350000,9.99,4.5,5.31,5.56,4.81
Half-Life 2,2004-11-15,Shooter,9.7,Amazing,Valve,Valve,0,691,402,15000000,7.19,12.86,15.58,19.78,14.52
Half-Life 2: Episode One,2006-06-01,Shooter,8.5,Great,Valve,Valve,0,281,184,7500000,5.79,3.61,4.17,5.26,4.03
Half-Life 2: Episode Two,2007-10-09,Shooter,9.4,Amazing,Valve,Valve,0,354,301,7500000,5.79,5.1,6.06,8.85,5.69
Halo: Combat Evolved,2003-09-27,Shooter,8.2,Great,Vanguard Games;343 Industries,Microsoft Studios,0,251,491,350000,1.99,9.96,11.56,15.14,10.42
Halo: Spartan Assault,2013-07-30,Shooter,6.7,Okay,Vanguard Games;343 Industries,Microsoft Studios,0,251,491,350000,1.99,4.14,5.64,16.99,4.86
Halo: Spartan Strike,2015-04-21,Shooter,7.2,Good,343 Industries;Vanguard Games,Microsoft Studios,0,6,6,150000,1.99,4.65,7.36,13.15,6.29
Hamlet,2010-04-08,Adventure,7.5,Good,Haven Studios,Haven Studios,0,0,0,10000,7.19,24.0,24.5,25.0,24.5
Hand of Fate,2015-02-21,"Card,Battle",7.0,Good,Defiant Development,Defiant Development,0,371,297,750000,14.99,10.62,19.72,59.9,16.16
Hard West,2015-11-18,Strategy,7.3,Good,CreativeForge Games,Good Shepherd Entertainment,0,237,435,350000,14.99,12.16,22.4,30.28,19.6
Harvest: Massive Encounter,2008-05-19,Strategy,5.5,Mediocre,Oxeye Game Studio,Oxeye Game Studio,0,0,0,35000,5.79,6.5,0.0,0.0,6.5
Hatoful Boyfriend,2014-09-05,Adventure,8.0,Great,Mediatonic;Hato Moa;The Irregular Corporation,Devolver Digital,0,622,245,350000,6.99,1.47,4.6,9.49,6.7
Hearts of Iron II,2005-01-07,Strategy,8.7,Great,Paradox Development Studio,Paradox Interactive,0,809,1364,750000,7.99,20.19,0.0,0.0,20.19
Hearts of Iron III,2009-08-13,Strategy,8.5,Great,Paradox Development Studio,Paradox Interactive,0,809,1364,750000,7.99,13.7,69.9,245.45,49.03
Hearts of Iron IV,2016-06-06,Strategy,9.0,Amazing,Paradox Development Studio,Paradox Interactive,0,9413,4181,1500000,34.99,51.37,351.17,1070.74,263.89
Hector: Badge of Carnage -- Episode 2,2011-08-31,Adventure,7.5,Good,Straandlooper,Telltale Games,0,0,0,350000,14.99,3.27,3.32,3.44,3.3
Hell Yeah! Wrath of the Dead Rabbit,2012-10-04,Platformer,4.9,Bad,Arkedo,SEGA,12,188,146,1500000,9.99,7.41,8.78,9.66,8.56
Helldorado,2009-05-26,Strategy,5.7,Mediocre,Spellbound,Black Forest Games;THQ Nordic,0,0,0,35000,6.99,12.64,13.0,20.67,13.26
Hellgate: London,2007-11-05,"Action,RPG",6.8,Okay,T3Entertainment,HanbitSoft Inc.,0,0,0,75000,10.29,31.96,32.65,43.35,35.49
Her Story,2015-06-30,Adventure,8.5,Great,Sam Barlow,Sam Barlow,0,123,146,350000,4.99,2.41,3.32,4.15,3.29
Hero Academy,2012-08-20,Board,9.0,Amazing,R Academy,R Academy,0,0,0,10000,4.79,8.45,8.5,0.0,8.47
Heroes of Annihilated Empires,2006-11-22,Strategy,6.0,Okay,GSC Game World,GSC Game World,0,0,0,75000,9.99,15.21,22.04,32.25,20.71
Heroes of Might and Magic V,2006-05-26,Strategy,7.8,Good,Nival,Ubisoft,0,396,396,350000,8.59,51.89,74.08,99.18,63.96
Heroes of Might and Magic V: Hammers of Fate,2006-12-19,Strategy,6.5,Okay,Nival,Ubisoft,0,19,19,350000,8.59,16.53,18.73,26.0,17.98
Heroes of Might and Magic V: Tribes of The East,2007-10-17,Strategy,7.9,Good,Nival,Ubisoft,0,6679,6679,350000,8.59,20.08,31.05,57.92,28.98
Hidden & Dangerous 2,2003-10-29,Action,7.9,Good,Illusion Softworks,2K,0,0,0,10000,7.99,18.36,20.84,21.69,19.51
Hinterland,2008-10-31,Strategy,7.2,Good,"Tilted Mill Entertainment, Inc.","Tilted Mill Entertainment, Inc.",0,0,0,35000,6.99,2.9,6.2,9.11,5.37
Hitman: Absolution,2012-11-18,Action,9.0,Amazing,Io-Interactive A/S;Feral Interactive (Mac),Io-Interactive A/S;Feral Interactive (Mac),18,650,400,3500000,14.99,12.39,19.71,36.86,15.97
Hitman: Contracts,2004-04-16,Action,8.4,Great,Io-Interactive A/S,Io-Interactive A/S,16,15,16,750000,8.29,9.54,12.06,16.1,10.79
Hitman: Blood Money,2006-05-30,Action,8.0,Great,Io-Interactive A/S,Io-Interactive A/S,18,435,365,1500000,9.29,11.85,16.05,20.33,13.63
Hoard,2011-04-05,Action,7.5,Good,Big Sandwich Games,Big Sandwich Games,0,31,31,350000,6.99,7.73,15.93,36.46,12.0
Home: A Unique Horror Adventure,2012-09-06,Adventure,6.5,Okay,Benjamin Rivers Inc.,Benjamin Rivers Inc.,0,21,21,350000,1.99,1.15,1.54,3.0,1.39
Homefront,2011-03-15,Shooter,7.0,Good,Kaos Studios;Digital Extremes,Deep Silver,0,1772,126,3500000,14.99,4.16,5.5,9.55,4.56
Homefront: The Revolution,2016-05-17,Shooter,5.0,Mediocre,Dambuster Studios,Deep Silver,18,408,484,750000,24.99,12.05,19.11,31.97,17.13
Homeworld: Deserts of Kharak,2016-01-23,Strategy,8.8,Great,Blackbird Interactive,Gearbox Publishing,0,26,26,350000,29.99,10.29,11.83,13.96,10.74
Homeworld Remastered Collection,2015-02-24,Strategy,9.0,Amazing,Gearbox Software;Aspyr (Mac),Gearbox Publishing;Aspyr (Mac),0,353,419,750000,26.99,21.11,22.47,32.35,25.12
Horizon,2014-02-20,Strategy,6.5,Okay,L3O Interactive,Iceberg Interactive,0,84,84,75000,22.99,65.0,0.0,0.0,65.0
Hotline Miami,2012-10-26,Action,8.8,Great,Dennaton Games,Devolver Digital,18,380,237,3500000,6.99,5.24,7.32,15.3,6.76
Hotline Miami 2: Wrong Number,2015-03-10,Action,8.8,Great,Dennaton Games,Devolver Digital,0,447,309,1500000,11.99,8.8,12.89,33.48,10.96
How to Survive,2013-10-24,Action,5.4,Mediocre,Eko Software,505 Games,0,333,256,1500000,10.99,10.07,13.84,32.87,14.32
Human Fall Flat,2016-07-28,"Puzzle,Action",7.9,Good,No Brakes Games,Curve Digital,0,348,245,3500000,11.99,6.34,12.18,24.92,10.46
Hunted: The Demon's Forge,2011-06-03,"Action,RPG",6.0,Okay,inXile Entertainment,Bethesda Softworks,0,28,28,150000,3.99,12.18,14.45,17.74,14.11
Hyper Light Drifter,2016-04-14,"Action,RPG",7.6,Good,Heart Machine,Heart Machine,0,275,354,750000,14.99,7.74,11.72,27.48,10.06
I Am Bread,2015-04-13,Puzzle,7.2,Good,Bossa Studios,Bossa Studios,0,146,168,750000,9.99,2.83,5.54,10.85,3.32
I of the Dragon,2004-11-23,"Action,RPG",4.5,Bad,Primal,TopWare Interactive,0,281,275,350000,4.99,47.45,87.12,699.09,72.7
Imperial Glory,2005-06-01,Strategy,8.5,Great,Pyro Studios,Kalypso Media Digital,0,72,72,150000,3.99,13.2,14.83,15.0,14.12
Incredipede,2013-03-29,"Puzzle,Adventure",8.5,Great,Colin Northway with art by Thomas Shahan,Northway Games,0,0,0,150000,6.99,2.79,3.17,4.56,3.43
Indiana Jones and the Emperor's Tomb,2003-04-02,"Action,Adventure",7.2,Good,LucasArts,Lucasfilm;Disney Interactive,0,0,0,35000,4.79,12.27,12.39,19.31,13.13
Infernal,2007-06-01,Shooter,5.1,Mediocre,VGstudio,VGstudio,0,0,0,10000,4.79,8.01,9.67,12.14,8.65
Infestation: Survivor Stories,2013-01-08,Action,3.0,Awful,Fredaikis AB,Fredaikis AB,0,376,73,7500000,0.0,72.0,0.0,108.36,90.18
Injustice: Gods Among Us -- Ultimate Edition,2013-11-22,Fighting,8.2,Great,NetherRealm Studios;High Voltage Software,Warner Bros. Interactive Entertainment,16,288,320,1500000,14.99,5.04,11.5,24.29,6.04
InMomentum,2011-11-16,Platformer,6.0,Okay,Digital Arrow,White Rabbit Interactive,0,0,0,75000,6.99,2.36,11.0,0.0,3.15
Insanely Twisted Shadow Planet,2012-04-19,Shooter,8.0,Great,Shadow Planet Productions,Microsoft Studios,0,275,275,350000,11.99,5.16,6.12,7.55,5.92
Inside,2016-06-28,Adventure,10.0,Masterpiece,Playdead,Playdead,0,297,408,750000,14.99,3.55,4.04,4.69,4.01
Insurgency,2014-01-28,Shooter,7.5,Good,New World Interactive,New World Interactive,0,712,245,3500000,6.99,10.2,31.86,55.2,26.91
Invisible Inc.,2015-05-12,Strategy,8.5,Great,Klei Entertainment,Klei Entertainment,0,325,405,750000,14.99,7.27,18.4,86.54,11.59
Iron Brigade,2012-08-15,Action,9.0,Amazing,Double Fine Productions,Double Fine Productions,0,21,31,150000,10.99,6.44,12.81,19.46,8.39
Jack Keane,2008-04-28,Adventure,7.5,Good,Deck13,Deck13,0,0,0,35000,6.99,10.45,10.5,11.92,10.67
Jade Empire (Special Edition),2007-02-19,RPG,8.6,Great,BioWare Corporation,BioWare Corporation;Electronic Arts,0,0,0,350000,8.99,17.51,23.43,30.23,21.8
Jagged Alliance 2: Wildfire,2004-04-06,Strategy,6.5,Okay,I-deal Games,Topware Interactive,0,526,420,350000,4.99,29.66,70.88,0.0,39.7
Jamestown: Legend of the Lost Colony,2011-06-29,Shooter,8.5,Great,Final Form Games,Final Form Games,0,79,100,750000,6.99,2.59,4.45,7.86,3.3
Jazzpunk,2014-02-06,Adventure,7.0,Good,Necrophone Games,Necrophone Games,0,305,402,350000,10.99,2.08,2.86,3.64,2.83
Joint Task Force,2006-10-11,Strategy,5.7,Mediocre,Most Wanted Entertainment,HD Publishing,0,0,0,35000,5.79,24.0,27.0,0.0,25.5
Jotun,2015-09-30,Action,8.0,Great,Thunder Lotus Games,Thunder Lotus Games,0,203,216,3500000,11.39,5.16,5.67,7.36,5.56
Judge Dredd: Dredd vs. Death,2005-03-21,Shooter,5.0,Mediocre,Rebellion,Rebellion,0,8,8,75000,5.59,4.1,5.33,6.81,4.45
Just Cause,2006-09-26,Action,6.8,Okay,Avalanche Studios,Square Enix,16,20,25,1500000,4.99,8.37,19.53,30.59,12.42
Just Cause 2,2010-03-23,Action,8.8,Great,Avalanche Studios,Square Enix,18,519,272,3500000,9.99,17.7,34.53,85.72,30.75
Just Cause 3,2015-11-30,Action,8.0,Great,Avalanche Studios,Square Enix,18,2086,438,3500000,11.99,18.34,38.0,63.23,38.63
Kane & Lynch: Dead Men,2007-11-26,Action,7.0,Good,IO Interactive,Square Enix,0,209,209,350000,4.99,5.23,6.44,7.87,5.63
Kane & Lynch 2: Dog Days,2010-08-25,Action,7.0,Good,IO Interactive,Square Enix,18,282,301,750000,7.99,4.07,5.37,9.62,4.35
Keepsake,2006-05-02,Adventure,7.2,Good,Wicked Studios,Wicked Studios,0,0,0,10000,0.79,9.1,15.44,21.77,13.97
Kerbal Space Program,2015-05-15,Simulation,9.0,Amazing,Squad,Private Division ,0,9223,351,3500000,29.99,113.03,233.5,601.66,244.84
Killing Floor,2009-05-20,Shooter,7.5,Good,Tripwire Interactive,Tripwire Interactive,0,1328,306,3500000,14.99,18.44,59.51,288.72,58.33
King Arthur II: The Role-Playing Wargame,2012-02-14,Strategy,6.0,Okay,NeocoreGames,Paradox Interactive,0,46,46,150000,7.99,11.59,41.2,0.0,15.4
King's Bounty: The Legend,2008-09-30,RPG,8.1,Great,1C Entertainment,1C Entertainment,0,356,368,350000,4.99,35.87,60.4,78.98,61.02
Kingdom,2015-10-21,Adventure,7.7,Good,Noio;Licorice,Raw Fury,0,250,199,3500000,3.99,41.88,80.44,136.1,79.86
Kingdoms of Amalur: Reckoning,2012-02-07,RPG,9.0,Amazing,Big Huge Games;38 Studios,38 Studios;Electronic Arts,16,252,170,750000,19.99,31.4,58.26,104.63,60.96
Knights of Honor,2004-10-01,Strategy,7.7,Good,Black Sea Studios Ltd,Paradox Interactive,0,35,35,150000,7.49,30.96,50.18,63.36,51.55
Knock-Knock,2013-10-17,Adventure,6.2,Okay,Ice-Pick Lodge,Ice-Pick Lodge,0,507,570,75000,6.99,3.49,4.86,8.82,4.38
Kohan II: Kings of War,2004-09-21,Strategy,8.6,Great,TimeGate Studios,TimeGate Studios,12,0,0,35000,6.99,15.17,0.0,0.0,15.17
Krater,2012-06-20,RPG,5.0,Mediocre,Fatshark,Fatshark,0,369,369,150000,10.99,17.4,25.42,46.78,26.27
L.A. Street Racing,2007-06-25,Racing,6.5,Okay,Gromov Technologies,Gromov Technologies,0,0,0,10000,9.29,6.93,10.0,0.0,8.47
Lara Croft and the Guardian of Light,2010-10-20,"Action,Adventure",8.5,Great,Crystal Dynamics,Square Enix,0,42,57,750000,7.99,6.33,8.19,16.4,7.94
Layers of Fear,2016-02-14,Adventure,5.8,Mediocre,Bloober Team SA,Aspyr,0,227,242,3500000,14.99,3.42,4.67,11.1,4.25
Lead and Gold: Gangs of the Wild West,2010-05-06,Shooter,7.0,Good,Fatshark,Fatshark,16,112,128,750000,7.99,0.0,0.0,33.0,33.0
Left 4 Dead,2008-11-17,Shooter,9.0,Amazing,Valve,Valve,0,897,278,7500000,7.19,6.97,18.86,58.38,10.95
Left 4 Dead (Game of the Year Edition),2009-05-21,Shooter,9.0,Amazing,Valve,Valve,0,897,278,7500000,7.19,6.97,18.86,58.38,10.95
Left 4 Dead 2,2009-11-16,Shooter,9.0,Amazing,Valve,Valve,0,1615,566,15000000,7.19,10.26,26.89,60.44,17.94
Legacy of Kain: Defiance,2003-12-18,"Action,Adventure",8.0,Great,Crystal Dynamics,Square Enix,16,522,81,350000,4.99,12.04,14.23,17.28,13.6
Legend: Hand of God,2008-08-25,RPG,6.0,Okay,Arcade Zone,Piko Interactive LLC,0,383,383,10000,3.99,19.23,20.88,0.0,20.37
Legend of Grimrock,2012-04-09,RPG,8.5,Great,Almost Human Games,Almost Human Games,0,314,362,750000,10.99,16.42,20.59,28.87,20.49
Legend of Grimrock II,2014-10-17,RPG,8.6,Great,Almost Human Games,Almost Human Games,0,951,1191,350000,17.99,23.32,31.01,40.49,30.84
Legendary,2008-12-05,Shooter,2.5,Painful,Spark Unlimited,SouthPeak Games,0,90,90,350000,1.69,5.21,6.5,6.86,5.67
Legends of Eisenwald,2015-07-09,RPG,7.3,Good,Aterdux Entertainment,Aterdux Entertainment,0,506,674,150000,14.99,23.65,42.12,80.0,44.89
LEGO Batman: The Videogame,2008-09-24,"Action,Adventure",7.7,Good,Traveller's Tales,Warner Bros. Interactive Entertainment,0,490,716,350000,14.99,10.0,16.29,29.45,17.98
LEGO Batman 2: DC Super Heroes,2012-07-06,"Action,Adventure",8.5,Great,TT Games,Warner Bros. Interactive Entertainment ,0,988,1031,350000,14.99,9.07,15.59,24.3,15.99
LEGO Harry Potter: Years 1-4,2010-06-29,"Action,Adventure",8.5,Great,TT Games,Warner Bros. Interactive Entertainment,0,518,989,350000,9.99,12.08,17.09,27.5,19.5
LEGO Harry Potter: Years 5-7,2011-11-18,"Action,Adventure",8.0,Great,Traveller's Tales,Warner Bros. Interactive Entertainment,0,1904,1904,350000,14.99,11.01,16.1,24.88,18.6
LEGO Indiana Jones: The Original Adventures,2008-05-29,"Action,Adventure",8.0,Great,Traveller's Tales,LucasArts;Lucasfilm;Disney Interactive,0,0,0,75000,15.49,9.26,14.07,19.46,14.68
LEGO Indiana Jones 2: The Adventure Continues,2009-11-18,"Action,Adventure",6.0,Okay,Traveller's Tales,LucasArts;Lucasfilm;Disney Interactive,0,0,0,75000,15.49,9.93,15.97,20.6,16.3
LEGO Jurassic World,2015-06-22,"Action,Adventure",7.6,Good,TT Games Ltd;Feral Interactive (Mac),Warner Bros. Interactive Entertainment;Feral Interactive (Mac),0,502,619,350000,15.99,10.37,17.64,29.96,22.18
LEGO Marvel Super Heroes,2013-10-22,Action,9.0,Amazing,Traveller's Tales,Warner Bros. Interactive Entertainment;Feral Interactive (Mac),0,4034,3514,750000,14.99,12.31,24.25,39.81,27.77
LEGO Star Wars: The Video Game,2005-03-28,"Action,Adventure",7.8,Good,Traveller's Tales;Feral Interactive (Mac),LucasArts;Lucasfilm;Disney Interactive;Feral Interactive (Mac),0,243,266,750000,15.49,6.38,12.61,17.96,10.79
LEGO Star Wars III: The Clone Wars,2011-03-23,"Action,Adventure",7.5,Good,Traveller's Tales,LucasArts;Lucasfilm;Disney Interactive,0,196,294,350000,15.49,9.11,14.76,29.92,17.67
Leisure Suit Larry: Magna Cum Laude,2004-10-04,Adventure,7.2,Good,CrazyBunch,Assemble Entertainment,0,1048,1048,10000,25.99,9.37,11.7,11.93,10.63
Leviathan: Warships,2013-05-11,Strategy,7.7,Good,Lostwood,Lostwood,0,0,0,75000,10.99,4.21,7.0,20.0,6.0
Lichdom: Battlemage,2014-08-29,"Action,RPG",6.5,Okay,Xaviant,Xaviant Games,0,351,366,150000,7.19,14.26,19.73,26.83,17.76
Life is Strange -- Episode 1: Chrysalis,2015-02-02,Adventure,6.5,Okay,DONTNOD Entertainment;Feral Interactive (Mac);Feral Interactive (Linux),Square Enix;Feral interactive (Mac);Feral Interactive (Linux),16,412,145,7500000,0.0,2.23,2.98,3.2,2.66
Light of Altair,2009-06-16,Simulation,7.0,Good,SaintXi,SaintXi,0,0,0,35000,11.99,0.0,14.75,0.0,14.75
Limbo,2011-08-02,Platformer,9.0,Amazing,Playdead,Playdead,0,117,127,3500000,6.99,3.58,4.18,6.7,3.99
Line of Sight: Vietnam,2003-04-10,Shooter,6.5,Okay,N-Fusion Interactive,Retroism,0,0,0,10000,6.99,5.46,0.0,16.25,7.3
Lionheart: Legacy of the Crusader,2003-08-26,RPG,6.8,Okay,Reflexive Entertainment,Interplay Entertainment Corp.,0,0,0,10000,6.99,23.33,31.76,50.86,33.54
Little Inferno,2012-11-27,Puzzle,5.0,Mediocre,Tomorrow Corporation,Tomorrow Corporation,0,177,246,750000,6.99,3.37,4.16,4.75,4.06
Loki: Heroes of Mythology,2007-10-15,"Action,RPG",6.0,Okay,Cyanide Studios,Focus Home Interactive,0,0,0,35000,6.99,24.83,44.84,120.0,40.57
Lone Survivor,2012-04-20,Adventure,8.5,Great,Jasper Byrne,Superflat Games,16,93,128,750000,11.39,4.1,4.96,10.44,4.63
Lords of the Fallen,2014-10-28,"RPG,Action",7.4,Good,CI Games;Deck 13,CI Games,16,456,265,750000,23.79,15.02,21.06,46.0,19.97
Lost: Via Domus,2008-02-29,Adventure,5.5,Mediocre,RewindApp,RewindApp,0,0,0,10000,0.79,5.42,5.73,6.19,5.87
Lost Planet: Extreme Condition,2007-06-29,Action,5.8,Mediocre,"CAPCOM Co., Ltd.",Capcom,0,74,74,350000,9.99,8.03,9.56,20.83,8.48
Lost Planet 2,2010-10-18,Shooter,6.0,Okay,"CAPCOM CO., LTD.",Capcom,0,879,879,150000,12.99,10.08,14.03,26.05,11.48
Lost Planet 3,2013-08-27,Action,6.2,Okay,Spark Unlimited,Capcom,0,155,155,350000,19.99,10.59,15.31,29.16,13.29
Lovers in a Dangerous Spacetime,2015-09-16,Platformer,8.5,Great,Asteroid Base,Asteroid Base,0,249,249,350000,10.99,5.64,8.47,12.91,7.07
Lucius,2012-11-06,Adventure,6.0,Okay,Shiver Games,Shiver Games,18,172,190,750000,6.99,6.13,7.55,40.11,11.09
Luftrausers,2014-03-21,Action,8.7,Great,Vlambeer,Devolver Digital,0,260,347,350000,6.99,4.03,6.1,14.75,6.24
Lumines,2008-05-01,"Puzzle,Action",6.8,Okay,dev4play,dev4play,0,0,0,10000,2.09,8.76,9.44,0.0,8.96
Luxor: Quest for the Afterlife,2009-01-12,Puzzle,6.0,Okay,MumboJumbo,MumboJumbo,0,0,0,10000,5.99,4.25,5.83,8.4,5.92
Luxor 3,2008-12-17,Puzzle,7.5,Good,MumboJumbo,MumboJumbo,0,102,102,35000,5.99,7.07,9.02,10.99,8.29
Machinarium,2009-10-20,Adventure,8.1,Great,Amanita Design,Amanita Design,0,165,241,750000,7.99,5.11,5.38,5.98,5.31
Maelstrom: The Battle For Earth Begins,2007-03-15,Strategy,4.0,Bad,KDV Games,Codemasters,0,0,0,35000,3.49,20.35,0.0,0.0,20.35
Mafia II,2010-08-23,Action,7.0,Good,2K Czech;Feral Interactive (Mac),2K;Feral Interactive (Mac),18,1029,988,3500000,19.99,12.13,16.31,31.79,14.37
Magic: The Gathering Battlegrounds,2003-12-03,Adventure,7.9,Good,Stainless Games Ltd,Wizards of the Coast LLC,0,935,935,350000,0.0,14.0,0.0,0.0,14.0
Magic: The Gathering -- Duels of the Planeswalkers,2010-06-23,"Card,Battle",7.5,Good,Stainless Games Ltd,Wizards of the Coast LLC,0,935,935,350000,0.0,8.55,23.06,147.52,33.59
Magic: The Gathering -- Duels of the Planeswalkers 2012,2011-06-26,"Card,Battle",8.5,Great,Stainless Games Ltd,Wizards of the Coast LLC,0,935,935,350000,0.0,15.02,37.11,59.75,34.25
Magic: The Gathering -- Duels of the Planeswalkers 2013,2012-06-25,"Card,Battle",8.5,Great,Stainless Games,Wizards of the Coast LLC,0,1070,1903,350000,6.99,13.66,25.8,48.66,26.64
Magic: The Gathering -- Duels of the Planeswalkers 2014,2013-06-29,"Card,Battle",8.1,Great,Stainless Games Ltd,Wizards of the Coast LLC,0,935,935,350000,0.0,12.36,23.45,50.23,22.63
Magicka,2011-01-28,"Action,RPG",7.0,Good,Arrowhead Game Studios,Paradox Interactive,0,589,369,3500000,7.99,10.4,16.06,46.42,13.21
Magicka 2,2015-05-28,"Adventure,RPG",7.7,Good,Pieces Interactive,Paradox Interactive,0,198,166,1500000,10.99,6.15,9.93,33.38,7.84
Magnetic: Cage Closed,2015-05-27,Puzzle,6.5,Okay,Guru Games,Good Shepherd Entertainment,0,0,0,35000,11.99,3.49,4.82,8.52,4.15
Magrunner: Dark Pulse,2013-06-25,"Puzzle,Action",6.8,Okay,Frogwares,Frogwares,0,0,0,35000,6.99,8.43,8.51,12.1,8.71
Majesty 2: The Fantasy Kingdom Sim,2009-09-15,Strategy,7.5,Good,1C:InoCo,Paradox Interactive,0,0,0,150000,7.99,14.31,19.48,31.43,19.84
Making History: The Calm & The Storm,2007-05-29,Strategy,7.0,Good,Muzzy Lane,Strategy First,0,0,0,75000,3.99,0.0,53.0,0.0,53.0
Manhunt,2004-04-20,Action,8.3,Great,Rockstar North,Rockstar Games,18,99,101,350000,5.99,10.97,13.44,17.05,11.75
Marc Ecko's Getting Up: Contents Under Pressure,2006-02-15,"Action,Adventure",7.0,Good,The Collective;General Arcade,Devolver Digital,0,0,0,75000,11.99,11.58,13.09,16.02,13.1
March of the Eagles,2013-02-27,Strategy,7.9,Good,Paradox Development Studio,Paradox Interactive,0,0,0,75000,14.99,3.5,0.0,0.0,3.5
Marine Sharpshooter II: Jungle Warfare,2004-09-28,Shooter,5.0,Mediocre,Jarhead Games,Funbox Media Ltd,0,0,0,150000,2.09,4.26,7.0,0.0,4.46
Mark of the Ninja,2012-09-07,"Action,Adventure",9.0,Amazing,Klei Entertainment,Klei Entertainment ,16,162,289,75000,15.49,8.38,12.41,20.96,11.6
Mars: War Logs,2013-05-03,"Action,RPG",5.3,Mediocre,Spiders,Focus Home Interactive,0,346,346,350000,11.99,9.08,12.57,18.68,12.65
Mass Effect,2008-05-27,RPG,9.2,Amazing,BioWare,Electronic Arts,0,612,633,1500000,7.99,16.97,27.71,42.51,26.5
Mass Effect 2,2010-01-22,RPG,9.6,Amazing,BioWare,Electronic Arts,0,1087,736,1500000,19.99,24.63,35.51,50.15,36.08
Mass Effect 2 (Collector's Edition),2010-02-08,RPG,9.6,Amazing,BioWare,Electronic Arts,0,1087,736,1500000,19.99,24.63,35.51,50.15,36.08
Mass Effect 3,2012-03-12,RPG,9.5,Amazing,BioWare,Electronic Arts,0,1087,736,1500000,19.99,24.51,35.77,50.4,36.41
Massive Chalice,2015-07-08,Strategy,6.7,Okay,Double Fine Productions,Double Fine Productions,0,56,67,350000,14.99,16.36,21.22,25.77,17.89
Master of Orion,2016-08-26,Strategy,7.1,Good,NGD Studios,Wargaming Labs,0,0,0,350000,22.99,12.38,82.33,126.5,30.46
Master of Orion III,2003-02-14,Strategy,9.2,Amazing,SimTex,Wargaming Labs,0,333,333,75000,0.0,30.0,0.0,0.0,30.0
Master Reboot,2014-03-18,Adventure,6.2,Okay,Wales Interactive,Wales Interactive,0,173,173,75000,11.99,4.13,4.44,6.64,4.84
Max Payne 2: The Fall of Max Payne,2003-10-16,Shooter,9.4,Amazing,Remedy Entertainment,Rockstar Games,18,175,175,750000,5.99,6.18,7.73,9.53,6.67
Max Payne 3,2012-05-14,Shooter,9.0,Amazing,Rockstar Studios,Rockstar Games,0,464,531,1500000,14.99,10.03,12.9,32.09,10.85
Medal of Honor: Allied Assault Breakthrough,2003-09-19,Shooter,8.2,Great,EA Los Angeles,Electronic Arts,0,28,28,350000,9.99,5.04,6.26,7.7,5.26
Medal of Honor: Pacific Assault,2004-11-04,Shooter,7.8,Good,EA Los Angeles,Electronic Arts,0,28,28,350000,9.99,8.73,11.16,15.61,9.37
Medal of Honor: Airborne,2007-09-04,Shooter,7.9,Good,EA Los Angeles,Electronic Arts,0,28,28,350000,9.99,5.56,8.02,12.58,6.1
Medal of Honor,2010-10-12,Shooter,6.5,Okay,Electronic Arts,Electronic Arts,0,133,166,1500000,14.99,5.02,6.2,9.44,5.27
Medieval: Total War -- Viking Invasion,2003-06-03,Strategy,8.6,Great,CREATIVE ASSEMBLY,SEGA,0,103,185,150000,6.99,7.41,21.99,0.0,10.41
Medieval II: Total War,2006-11-10,Strategy,8.8,Great,The Creative Assembly;Feral Interactive (Mac);Feral Interactive (Linux),SEGA;Feral Interactive (Mac);Feral Interactive (Linux),0,0,0,350000,0.0,30.79,69.57,138.35,52.89
Men of Valor,2004-10-26,Shooter,6.8,Okay,2015,THQ Nordic,0,0,0,35000,8.99,9.66,0.0,11.69,9.87
Men of War,2009-03-17,Strategy,8.0,Great,Best Way,1C Entertainment;1C-SoftClub,0,0,0,350000,3.99,31.81,40.93,44.7,41.24
Men Of War: Vietnam,2011-09-09,Strategy,7.0,Good,1C Entertainment,1C Entertainment;1C-SoftClub,0,10,10,150000,5.59,10.64,12.89,27.63,16.22
Mercenary Kings,2014-04-25,Action,8.0,Great,Tribute Games Inc.,Tribute Games Inc.,16,348,403,350000,14.99,19.69,35.52,53.05,30.26
Metal Gear Rising: Revengeance,2014-01-10,Action,8.5,Great,PlatinumGames,Konami Digital Entertainment,18,863,870,750000,19.99,7.2,11.55,40.29,8.94
Metal Gear Solid V: Ground Zeroes,2014-12-22,"Action,Adventure",8.0,Great,Kojima Productions,Konami Digital Entertainment,18,320,198,750000,16.99,1.85,6.63,20.79,3.79
Metal Gear Solid V: The Phantom Pain,2015-08-24,Action,10.0,Masterpiece,Konami Digital Entertainment,Konami Digital Entertainment,18,3007,2478,1500000,24.99,45.59,81.85,164.29,80.43
Metro: Redux,2014-08-19,Shooter,8.6,Great,4A Games,Deep Silver,0,363,328,3500000,14.99,9.83,13.47,27.77,11.93
Miasmata,2012-12-04,Adventure,7.9,Good,IonFx,IonFX Studios,0,171,171,150000,11.99,11.54,14.95,25.99,14.71
Microsoft Flight Simulator X,2006-12-01,"Flight,Simulation",7.0,Good,Microsoft Game Studios,Dovetail Games - Flight,0,991,1224,1500000,19.99,182.12,294.83,1625.0,352.06
Middle-earth: Shadow of Mordor,2014-09-26,"Action,Adventure",9.3,Amazing,Monolith Productions,WB Games,18,1587,1265,1500000,34.99,15.77,23.92,32.78,24.0
Might & Magic Heroes VI,2011-10-25,Strategy,8.0,Great,Limbic Entertainment,Ubisoft,0,0,0,150000,33.99,83.17,91.39,192.68,106.05
Might & Magic Heroes VII,2015-10-02,Strategy,6.4,Okay,Limbic Entertainment,Ubisoft,0,0,0,150000,33.99,56.78,135.81,186.99,99.24
Might and Magic X Legacy,2014-01-28,RPG,7.3,Good,Ubisoft,Ubisoft,0,274,274,150000,20.99,40.19,55.04,73.33,56.35
Minecraft,2011-11-23,Action,9.0,Amazing,Telltale Games,Telltale Games,0,399,432,350000,18.99,64.36,143.8,288.0,133.26
Miner Wars 2081,2012-12-14,Shooter,5.0,Mediocre,Keen Software House,Keen Software House,0,0,0,75000,3.99,11.92,0.0,0.0,11.92
Mini Ninjas,2009-10-06,Action,8.0,Great,IO Interactive,Square Enix,0,27,53,350000,7.99,7.67,10.57,15.61,9.52
Mirror's Edge,2009-01-13,"Action,Adventure",8.5,Great,DICE,Electronic Arts,0,260,172,3500000,9.99,6.11,8.13,12.45,6.65
Mount & Blade,2008-12-17,RPG,8.0,Great,TaleWorlds Entertainment,TaleWorlds Entertainment,0,415,597,1500000,7.99,41.51,89.18,99.73,60.43
Mount & Blade: Warband,2010-04-13,RPG,8.1,Great,TaleWorlds Entertainment,TaleWorlds Entertainment,0,7932,1884,3500000,14.99,74.27,111.45,237.67,120.9
Mount & Blade: With Fire & Sword,2011-05-20,RPG,7.5,Good,TaleWorlds Entertainment,TaleWorlds Entertainment,0,723,713,1500000,7.99,25.61,65.86,143.41,40.03
MouseCraft,2014-07-11,Puzzle,7.7,Good,Crunching Koalas,Crunching Koalas,0,0,0,35000,6.99,5.83,8.18,8.27,7.63
Murdered: Soul Suspect,2014-06-03,Adventure,5.5,Mediocre,Airtight Games,Square Enix,16,282,343,750000,19.99,6.87,8.73,11.51,8.9
Musaic Box,2009-06-18,Other,8.0,Great,KranX Productions,KranX Productions,0,0,0,35000,3.99,1.99,2.24,2.12,2.09
Mushroom 11,2015-10-15,Platformer,9.0,Amazing,Untame,Untame,0,373,455,150000,10.99,5.4,5.53,8.03,5.7
MX vs. ATV Unleashed,2006-02-15,Racing,7.5,Good,Rainbow Studios,THQ Nordic,0,0,0,35000,8.99,15.62,20.2,0.0,18.91
Myst IV Revelation,2004-10-04,Adventure,9.0,Amazing,Ubisoft Montreal,Cyan Worlds;Ubisoft,0,0,0,10000,11.39,11.64,14.63,15.5,13.51
Myst V: End of Ages,2005-09-21,Adventure,8.8,Great,Cyan Worlds,Cyan Worlds,0,0,0,75000,6.99,8.27,9.91,11.45,9.31
Mystery Case Files: 13th Skull,2010-12-13,"Puzzle,Adventure",7.0,Good,Big Fish Games,Big Fish Games,0,0,0,10000,6.99,5.53,6.33,0.0,5.93
Nancy Drew: The Deadly Device,2012-12-11,Adventure,6.8,Okay,"HeR Interactive, Inc.",HeR Interactive,0,0,0,10000,15.49,7.46,11.15,13.38,8.9
Natural Selection 2,2012-11-05,Shooter,8.0,Great,Unknown Worlds Entertainment,Unknown Worlds Entertainment,0,627,253,1500000,6.99,0.0,181.5,0.0,181.5
NBA 2K10,2009-10-14,Sports,7.9,Good,Visual Concepts,2K,0,4672,4672,750000,39.99,23.85,100.0,124.5,35.35
NBA 2K11,2010-10-08,Sports,8.0,Great,Visual Concepts,2K,0,4672,4672,750000,39.99,34.81,160.99,615.62,73.29
NBA 2K13,2012-09-27,Sports,9.1,Amazing,Visual Concepts,2K,0,4672,4672,750000,39.99,64.76,248.51,765.28,120.09
NBA 2K15,2014-10-10,Sports,7.8,Good,Visual Concepts,2K,0,4672,4672,750000,39.99,56.66,175.68,426.55,95.91
NBA 2K9,2008-11-19,Sports,8.0,Great,Visual Concepts,2K,0,2901,2803,350000,39.99,5.0,16.5,0.0,8.83
Necropolis,2016-07-14,"Action,Adventure",6.5,Okay,Harebrained Schemes,Paradox Interactive;Bandai Namco,0,27,27,350000,22.99,6.83,9.53,21.66,9.33
NecroVisioN,2009-05-20,Shooter,6.9,Okay,The Farm 51,1C Entertainment,0,113,113,150000,3.99,8.91,13.41,16.81,10.33
Need for Speed: Hot Pursuit,2010-11-30,Racing,9.0,Amazing,Criterion Games,Electronic Arts,0,467,415,1500000,14.99,14.07,20.62,31.12,18.1
Need for Speed Shift,2009-09-10,Racing,9.0,Amazing,Slightly Mad Studios,Electronic Arts,0,339,456,350000,9.99,13.12,25.89,30.14,17.16
Need for Speed Undercover,2008-11-19,"Racing,Action",5.0,Mediocre,EA Black Box,Electronic Arts,0,916,1046,350000,9.99,11.23,14.7,21.54,13.63
Neo Scavenger,2014-12-22,Strategy,7.9,Good,Blue Bottle Games,Blue Bottle Games,0,906,1252,150000,11.39,12.29,33.42,62.41,33.85
Neverwinter,2013-06-26,"Action,RPG",6.8,Okay,Cryptic Studios,Perfect World Entertainment,0,1273,543,7500000,0.0,49.88,103.88,313.84,89.79
Neverwinter Nights: Shadows of Undrentide,2003-06-17,RPG,7.7,Good,Beamdog,Beamdog,0,65,65,150000,15.49,17.07,20.74,31.14,22.94
Nexus: The Jupiter Incident,2005-03-21,Strategy,8.2,Great,Mithis Games;THQ Nordic,HandyGames,0,0,0,75000,6.99,15.65,29.87,48.1,29.25
Nidhogg,2014-01-15,Fighting,9.0,Amazing,Messhof,Messhof,0,123,184,750000,6.99,0.85,2.44,6.4,1.17
NightSky,2011-01-06,Puzzle,7.5,Good,"Nicalis, Inc.","Nicalis, Inc.",0,21,32,750000,6.99,2.65,3.72,7.11,3.5
Nimbus,2010-11-04,Racing,8.0,Great,Noumenon Games,Noumenon Games,0,1,1,75000,5.99,3.78,9.47,20.06,7.63
Nosferatu: The Wrath of Malachi,2003-11-25,Shooter,6.8,Okay,Idol FX,Funbox Media Ltd,0,195,223,750000,2.09,4.02,4.46,6.4,4.6
Nostradamus: The Last Prophecy,2008-10-20,Adventure,7.4,Good,Microids,Microids,0,7,7,75000,3.99,6.49,6.09,6.62,6.38
Not the Robots,2014-01-14,Action,6.5,Okay,2DArray,tinyBuild,0,107,124,150000,6.99,2.3,5.0,14.28,8.1
Nuclear Throne,2015-12-16,Action,9.0,Amazing,Vlambeer,Vlambeer,0,682,491,750000,9.29,16.68,58.4,184.14,30.98
Oblitus,2015-02-28,Action,7.0,Good,Connor Ullmann,Adult Swim Games,0,0,0,10000,10.99,0.67,2.5,4.79,3.12
Obscure: The Aftermath,2008-03-25,"Action,Adventure",6.3,Okay,Hydravision Entertainment,Mighty Rocket Studio,0,0,0,75000,4.99,7.19,7.38,7.52,7.39
Octodad: Dadliest Catch,2014-01-30,Adventure,7.8,Good,Young Horses,Young Horses,0,174,250,750000,11.99,2.41,4.0,7.64,3.3
Off-Road Drive,2011-10-13,Racing,5.0,Mediocre,1C-Avalon,1C Entertainment,0,0,0,75000,3.99,7.0,0.0,0.0,7.0
Offworld Trading Company,2016-04-28,Strategy,8.0,Great,Mohawk Games,Stardock Entertainment,0,237,255,750000,0.0,9.48,33.58,118.94,16.84
Oil Rush,2012-01-31,Strategy,6.5,Okay,Unigine Corp.,Unigine Corp.,0,9,9,350000,5.59,9.83,10.97,15.53,11.36
OlliOlli,2014-01-21,Sports,7.7,Good,Roll7;General Arcade,Devolver Digital,0,16,16,150000,9.99,3.93,8.0,14.38,5.91
Omerta: City of Gangsters,2013-02-06,"RPG,Simulation",5.2,Mediocre,Haemimont Games,Kalypso Media Digital,0,209,281,350000,10.99,18.47,31.4,67.08,29.65
Operation Flashpoint: Red River,2011-04-21,Shooter,7.5,Good,Codemasters Studios,Codemasters,0,413,417,750000,6.99,11.33,13.43,17.07,12.2
Orbital Gear,2014-08-21,Shooter,6.5,Okay,Night Node,Night Node,0,80,87,350000,5.99,0.0,0.0,7.68,7.68
Orcs Must Die,2011-10-05,Strategy,9.0,Amazing,Robot Entertainment,Robot Entertainment,0,159,195,1500000,7.99,8.08,19.97,41.27,14.98
Orcs Must Die 2,2012-07-27,Strategy,9.0,Amazing,Robot Entertainment,Robot Entertainment,0,429,244,3500000,11.99,8.08,19.97,41.27,14.98
Order of War,2009-09-25,Strategy,8.0,Great,Wargaming.net,Square Enix,0,319,589,350000,5.99,19.16,0.0,106.7,36.67
Osmos,2009-08-20,Puzzle,8.5,Great,Hemisphere Games,Hemisphere Games,0,27,27,750000,6.99,5.73,8.24,10.42,7.63
Out of the Park Baseball 15,2014-08-09,"Sports,Simulation",8.5,Great,Out of the Park Developments,Out of the Park Developments,0,0,0,150000,14.99,6.04,0.0,0.0,6.04
Outlast,2013-09-04,"Action,Adventure",7.8,Good,Red Barrels,Red Barrels,0,751,166,3500000,15.49,5.15,7.25,11.51,6.32
Overclocked: A History of Violence,2008-04-10,Adventure,7.0,Good,House of Tales,HandyGames,0,0,0,10000,13.99,8.52,8.15,8.53,8.44
Overlord,2007-07-09,Adventure,8.0,Great,Triumph Studios;Virtual Programming,Codemasters,0,304,304,1500000,3.49,17.16,20.6,27.28,20.36
Overlord II,2009-06-25,Adventure,6.3,Okay,Triumph Studios;Virtual Programming,Codemasters,0,197,119,1500000,6.99,16.42,20.39,26.85,20.17
OxenFree,2016-01-15,Adventure,8.2,Great,Night School Studio,Night School Studio,0,258,382,350000,14.99,4.44,5.66,13.15,5.41
Pac-Man Championship Edition 2,2016-09-13,Action,7.5,Good,BANDAI NAMCO Studios Inc.,BANDAI NAMCO Entertainment,0,27,27,75000,9.99,4.5,10.88,14.4,6.5
Pacific Storm,2006-10-11,Strategy,8.0,Great,Buka Entertainment;Lesta Studio,Buka Entertainment,0,0,0,75000,5.59,14.38,0.0,0.0,14.38
"Papers, Please",2013-08-12,Simulation,8.7,Great,Lucas Pope,3909,0,674,214,3500000,6.99,5.01,8.15,16.08,7.28
Papo & Yo,2013-04-18,Adventure,4.0,Bad,Minority Media Inc.,Minority Media,0,158,158,350000,10.99,3.37,3.95,6.09,3.8
Path of Exile,2013-11-09,"Action,RPG",8.8,Great,Grinding Gear Games,Grinding Gear Games,0,5263,492,15000000,0.0,29.55,113.09,790.88,102.21
Patrician III,2003-10-15,Simulation,9.2,Amazing,Ascaron Entertainment ltd.,Kalypso Media Digital,0,149,149,150000,3.99,55.58,60.5,0.0,58.61
Patrician IV: Conquest By Trade,2010-10-14,Simulation,6.5,Okay,Gaming Minds Studios,Kalypso Media Digital,0,0,0,150000,9.99,6.23,31.1,0.0,15.79
PayDay 2,2013-08-13,Shooter,8.0,Great,OVERKILL - a Starbreeze Studio.,Starbreeze Publishing AB,18,3975,890,15000000,7.49,27.06,153.89,540.68,137.75
Peggle Nights,2008-09-25,Puzzle,8.4,Great,"PopCap Games, Inc.","PopCap Games, Inc.",0,237,237,350000,4.25,3.64,6.73,13.81,4.2
Penumbra: Requiem,2008-09-12,Action,7.5,Good,Frictional Games,Frictional Games,0,188,189,350000,0.0,3.15,3.47,3.95,3.34
Perimeter,2004-06-29,Strategy,8.0,Great,K-D Lab,1C Entertainment,0,243,257,75000,2.79,25.32,0.0,0.0,25.32
Perimeter: Emperor's Testament,2006-09-05,Strategy,7.6,Good,K-D Lab,1C Entertainment,0,0,0,35000,2.79,27.0,0.0,0.0,27.0
Pid,2012-10-30,Platformer,7.8,Good,Might and Delight,Might and Delight,0,61,65,750000,6.99,9.48,12.3,17.62,10.56
Pillars of Eternity,2015-03-27,RPG,9.0,Amazing,Obsidian Entertainment,Paradox Interactive,0,1710,2177,1500000,22.99,36.12,64.12,109.07,65.9
Pineapple Smash Crew,2012-02-10,Shooter,5.5,Mediocre,RichMakeGame,RichMakeGame,0,0,0,35000,6.99,2.8,3.31,11.83,3.97
Pirates of the Caribbean: At World's End,2007-05-25,Adventure,6.5,Okay, Eurocom Entertainment Software,Disney Interactive,16,0,0,35000,15.49,6.14,11.03,16.33,7.44
Plain Sight,2010-07-23,Action,7.0,Good,Beatnik Games,Beatnik Games,0,0,0,150000,3.99,1.0,0.0,0.0,1.0
Planetary Annihilation,2014-09-17,Strategy,4.8,Bad,Planetary Annihilation Inc,Planetary Annihilation Inc,0,408,579,750000,30.99,5.69,19.87,24.05,10.29
PlanetSide 2,2012-11-30,Shooter,9.0,Amazing,Daybreak Game Company,Daybreak Game Company,0,1051,150,7500000,0.0,27.2,464.82,6371.06,225.69
Pony Island,2016-01-19,Puzzle,9.0,Amazing,Daniel Mullins Games,Daniel Mullins Games,0,224,289,350000,3.99,2.4,2.93,4.67,2.89
Port Royale,2003-06-13,Strategy,8.4,Great,Ascaron Entertainment ltd.,Strategy First,0,203,203,75000,2.99,14.84,22.39,0.0,18.51
Portal,2007-10-09,Shooter,8.2,Great,Valve,Valve,0,288,137,15000000,7.19,3.12,5.25,10.36,3.91
Portal 2,2011-04-18,Shooter,9.5,Amazing,Valve,Valve,0,1102,520,15000000,7.19,8.57,13.71,22.47,10.58
Post Mortem,2003-02-25,Adventure,7.9,Good,MC2,Microids,0,0,0,150000,5.59,6.49,8.23,8.31,7.29
Postal 2,2003-04-03,Shooter,5.5,Mediocre,Running With Scissors,Running With Scissors,18,257,172,1500000,6.99,7.0,12.24,31.57,10.61
Postal III,2012-01-03,Shooter,5.5,Mediocre,Trashmasters,Akella,18,411,411,75000,8.99,5.3,6.42,11.0,6.07
Pound of Ground,2010-11-10,Shooter,3.5,Awful,Centauri Production,Bohemia Interactive,0,0,0,35000,8.99,6.9,0.0,8.0,7.45
Praetorians,2003-03-13,Strategy,8.9,Great,Pyro Studios,Kalypso Media Digital,0,1,1,75000,3.99,17.22,26.94,36.67,25.47
Primal Carnage,2012-11-05,Shooter,7.6,Good,Lukewarm Media,Reverb Triple XP;Circle 5,0,423,470,350000,5.59,6.01,10.0,20.0,11.2
Primordia,2013-01-11,Adventure,6.8,Okay,Wormwood Studios,Wadjet Eye Games,0,234,394,150000,6.99,6.06,7.41,8.82,7.21
Prince of Persia: The Sands of Time,2003-12-09,"Action,Adventure",8.8,Great,Kudosoft,Ubisoft,0,167,167,350000,8.59,8.64,9.69,10.31,9.18
Prince of Persia: Warrior Within,2004-12-01,"Action,Adventure",8.6,Great,Ubisoft,Ubisoft,0,307,312,350000,8.59,12.21,14.92,17.02,14.07
Prince of Persia: The Two Thrones,2005-12-12,Action,9.0,Amazing,Ubisoft Montreal,Ubisoft,0,205,205,350000,8.59,9.82,10.52,12.24,10.2
Prince of Persia,2008-11-26,Platformer,9.3,Amazing,Ubisoft Montreal,Ubisoft,0,305,399,350000,8.59,11.43,14.18,17.32,12.96
Prince of Persia: The Forgotten Sands,2010-06-09,Action,8.0,Great,Ubisoft Montreal,Ubisoft,0,328,328,350000,8.59,7.88,8.93,10.63,8.3
Prison Architect,2015-10-06,Strategy,8.3,Great,Introversion Software,Paradox Interactive,0,1472,717,3500000,23.79,17.13,43.46,67.76,30.73
Pro Evolution Soccer 2013,2012-09-17,Sports,8.5,Great,Konami Digital Entertainment,Konami Digital Entertainment,0,0,0,350000,24.99,74.99,81.58,88.75,77.9
Pro Evolution Soccer 2014,2013-09-18,Sports,8.4,Great,Konami Digital Entertainment,Konami Digital Entertainment,0,0,0,350000,24.99,19.95,53.12,632.5,79.27
Pro Evolution Soccer 2015,2014-11-14,Sports,9.0,Amazing,Konami Digital Entertainment,Konami Digital Entertainment,0,0,0,350000,24.99,47.47,121.12,186.25,81.74
Project: Snowblind,2005-03-31,Shooter,8.0,Great,Crystal Dynamics,Square Enix,0,0,0,75000,3.99,5.74,5.77,6.36,5.79
Project CARS,2015-05-06,Racing,8.9,Great,Slightly Mad Studios,Slightly Mad Studios;BANDAI NAMCO Entertainment,0,232,282,1500000,23.39,33.15,66.26,122.31,47.45
Project Highrise,2016-09-09,Simulation,7.0,Good,SomaSim,Kasedo Games,0,224,351,350000,14.99,9.95,21.28,43.69,16.81
Proteus,2013-02-08,Adventure,8.5,Great,Ed Key and David Kanaga,Twisted Tree,0,36,48,350000,6.99,1.05,1.13,1.15,1.06
Prototype,2009-06-10,Action,7.5,Good,Radical Entertainment,Activision,0,645,1001,750000,14.99,11.03,16.52,32.2,14.2
Proun,2011-07-18,Racing,8.0,Great,Dave Catling,Dave Catling,0,0,0,35000,0.0,0.5,4.0,0.0,2.25
Psychonauts,2005-05-02,Platformer,8.7,Great,Double Fine Productions,Double Fine Productions,0,491,232,3500000,6.99,12.01,15.26,21.52,14.8
Punch Club,2016-01-15,"Fighting,Simulation",6.5,Okay,Lazy Bear Games,tinyBuild,0,478,378,750000,6.99,10.72,13.52,24.14,13.41
Puzzle Agent,2010-07-01,Adventure,6.0,Okay,Telltale Games,Telltale Games,0,69,110,750000,3.99,3.4,3.62,4.09,3.72
Puzzle Quest: Galactrix,2009-03-02,Puzzle,8.5,Great,Infinite Interactive,"D3Publisher of America, Inc.",0,0,0,35000,6.99,14.97,20.17,21.39,19.99
Quadrilateral Cowboy,2016-07-28,Puzzle,8.5,Great,Blendo Games,Blendo Games,0,316,316,75000,14.99,4.73,5.69,5.74,5.16
Quantum Conundrum,2012-06-21,Puzzle,8.0,Great,Airtight Games,Square Enix,0,162,220,350000,6.99,6.26,8.36,16.29,7.16
QUBE,2012-01-10,Puzzle,6.5,Okay,Toxic Games,Toxic Games,0,63,76,350000,6.99,3.32,4.09,4.13,3.59
RACE 07,2007-11-07,Racing,8.5,Great,SimBin,SimBin,0,1636,218,1500000,2.49,6.55,21.77,0.0,9.19
Rage,2011-10-04,Shooter,8.5,Great,id Software,Bethesda Softworks,16,559,392,1500000,7.99,11.14,15.49,23.64,14.32
Railroad Tycoon 3,2003-11-06,Simulation,8.8,Great,PopTop,2K,0,46,46,350000,5.99,26.17,37.34,38.0,30.97
Randal's Monday,2014-12-01,Adventure,4.5,Bad,Nexus Game Studios,Daedalic Entertainment,0,13,13,150000,14.99,14.41,17.02,17.36,15.99
Ravaged,2012-10-23,Shooter,6.7,Okay,Nikhil Tailor;Ariflare,Horse Beverages,0,0,0,10000,5.99,2.35,0.0,20.0,11.18
Ravensword: Shadowlands,2013-12-21,"Action,RPG",5.6,Mediocre,Crescent Moon Games,Crescent Moon Games,0,0,0,150000,4.99,6.06,7.5,9.25,7.21
Rayman Origins,2012-03-29,Platformer,9.5,Amazing,UBIart Montpellier;Feral Interactive (Mac),Ubisoft;Feral Interactive (Mac),0,266,497,350000,8.59,10.99,14.45,21.63,13.91
Razor2: Hidden Skies,2010-08-02,Shooter,7.0,Good,Invent4 Entertainment,Strategy First,0,28,28,75000,6.99,1.73,0.0,4.25,2.36
RC Cars,2003-12-23,Racing,7.5,Good,Creat Studio,1C Entertainment,0,0,0,10000,1.99,3.75,0.0,6.52,5.14
Rebel Galaxy,2015-10-16,Simulation,8.0,Great,Double Damage Games,Double Damage Games,0,618,912,750000,14.99,21.99,31.31,55.2,32.63
Recettear: An Item Shop's Tale,2010-09-21,RPG,7.5,Good,EasyGameStation,Carpe Fulgur LLC,0,764,1136,350000,12.99,13.24,25.18,49.72,17.1
ReCore,2016-09-13,Adventure,7.3,Good,Armature Studio;Comcept,Microsoft Studios,0,0,0,10000,14.99,12.16,18.42,36.27,16.58
Red Faction: Guerrilla,2009-09-16,Shooter,8.0,Great,"Volition, Inc.",THQ Nordic,0,79,107,750000,4.99,13.3,20.71,43.05,18.03
Red Faction: Armageddon,2011-06-13,Action,7.0,Good,Volition,THQ Nordic,18,307,436,1500000,14.99,8.02,10.41,19.8,9.05
Red Faction II,2003-04-10,Shooter,7.4,Good,"Volition, Inc.",THQ Nordic,0,0,0,750000,4.99,4.48,5.71,6.38,5.02
Red Orchestra: Ostfront 41-45,2006-03-31,Shooter,8.5,Great,Tripwire Interactive,Tripwire Interactive,0,232,258,750000,3.99,0.0,0.0,44.0,44.0
Redshirt,2013-12-03,Action,7.4,Good,The Tiniest Shark,Positech,0,281,281,35000,6.99,5.96,6.54,37.75,7.16
Resident Evil,2015-01-19,Action,8.0,Great,Slant Six Games,Capcom Co. Ltd,0,237,237,150000,22.99,11.48,14.02,23.45,12.8
Resident Evil 4,2007-05-25,"Action,Adventure",7.7,Good,Scrap Games,Scrap Games,0,0,0,10000,1.69,16.16,21.5,64.25,21.38
Resident Evil 5,2009-09-10,Action,9.3,Amazing,Scrap Games,Scrap Games,0,0,0,10000,1.69,12.1,16.8,35.38,14.72
Resonance,2012-07-23,Adventure,7.0,Good,XII Games,Wadjet Eye Games,0,219,219,75000,6.99,8.03,9.07,9.89,8.44
Restaurant Empire,2003-05-27,Simulation,7.8,Good,Enlight Software Limited,Enlight Software Limited,0,0,0,75000,13.99,38.41,0.0,0.0,38.41
Restaurant Empire 2,2009-06-09,Simulation,6.9,Okay,Enlight Software Limited,Enlight Software Limited,0,0,0,75000,13.99,51.0,0.0,60.92,55.96
Retro City Rampage,2012-10-15,"Action,Adventure",5.3,Mediocre,"Vblank Entertainment, Inc.","Vblank Entertainment, Inc.",0,540,629,350000,10.99,6.32,8.25,10.73,6.83
Retrovirus,2013-02-20,Shooter,6.6,Okay,Cadenza Interactive,Cadenza Interactive,0,105,105,35000,7.19,12.3,13.0,0.0,12.47
Reus,2013-05-23,Simulation,6.8,Okay,Abbey Games,Abbey Games,0,1293,195,750000,6.99,8.26,20.84,67.94,26.73
Revenge of The Titans,2011-05-25,Strategy,7.0,Good,Puppygames,Puppygames,0,121,158,350000,11.39,10.21,14.33,21.96,11.5
Rhiannon: Curse of the Four Branches,2008-11-14,Adventure,7.5,Good,Arberth Studios,Meridian4,0,0,0,75000,3.99,6.96,0.0,10.0,7.98
Rift,2011-03-18,RPG,8.5,Great,Trion Worlds,Trion Worlds,0,4104,1997,3500000,0.0,105.64,201.4,649.0,172.47
Rise of Nations,2003-05-21,Strategy,8.2,Great,SkyBox Labs;Big Huge Games,Microsoft Studios,0,2379,2379,750000,14.99,16.36,41.15,92.82,24.91
Rise of the Argonauts,2008-12-17,"Action,RPG",6.5,Okay,Liquid Entertainment,Codemasters,0,88,147,350000,4.99,12.11,13.43,16.19,13.29
Rise of the Tomb Raider,2015-11-09,"Action,Adventure",9.3,Amazing,Crystal Dynamics;Eidos-Montréal;Feral Interactive (Mac);Feral Interactive (Linux);Nixxes software,Square Enix;Feral Interactive (Mac);Feral Interactive (Linux),18,817,656,3500000,39.99,13.34,21.89,35.34,20.21
Rise of the Triad,2013-08-06,Shooter,4.3,Bad,Slipgate Ironworks™,Apogee Software,18,280,343,350000,10.99,7.53,10.65,41.28,12.24
Risen,2009-10-09,RPG,8.6,Great,Piranha Bytes,Deep Silver,0,994,650,750000,7.99,27.84,37.37,45.88,36.93
Risen 2: Dark Waters,2012-04-23,RPG,6.5,Okay,Piranha Bytes,Deep Silver,0,1278,1257,1500000,7.99,26.02,33.9,46.12,35.15
Risen 3: Titan Lords,2014-08-12,RPG,5.2,Mediocre,Piranha Bytes,Deep Silver,16,412,589,750000,10.99,25.16,40.75,53.91,42.27
Risk: Factions,2011-03-15,Strategy,7.5,Good,Stainless Games,Electronic Arts,0,979,1754,75000,7.99,2.29,3.44,8.93,3.81
Rive,2016-09-14,Shooter,6.5,Okay,Two Tribes,Two Tribes Publishing,0,95,161,350000,10.99,6.94,8.6,15.62,8.3
Road Not Taken,2014-08-05,Puzzle,6.7,Okay,Spry Fox LLC,Spry Fox LLC,0,0,0,35000,10.99,6.97,12.41,24.46,10.17
RoboBlitz,2006-11-07,Action,8.0,Great,Naked Sky Entertainment,Naked Sky Entertainment,0,78,78,35000,5.99,3.62,4.88,0.0,3.98
Robots,2005-03-08,Action,5.0,Mediocre,xuan,xuan,0,0,0,10000,0.79,7.13,8.2,0.0,7.3
Rock of Ages,2011-09-19,Action,7.5,Good,ACE Team,SEGA,0,235,231,350000,6.99,4.03,5.89,11.78,5.21
Rocket League,2015-07-15,Sports,8.0,Great,"Psyonix, Inc.","Psyonix, Inc.",0,5825,1462,7500000,14.99,4.59,26.24,103.27,48.31
Rogue Legacy,2013-07-26,RPG,9.0,Amazing,Cellar Door Games,Cellar Door Games,0,769,644,1500000,10.99,16.45,26.27,38.33,21.55
Rogue Trooper,2006-06-08,Action,8.0,Great,Rebellion,Rebellion,0,0,0,75000,6.99,5.63,7.36,9.92,6.22
Rogue Warrior,2009-12-04,Shooter,1.5,Unbearable,Rebellion,Bethesda Softworks,0,29,29,75000,3.99,2.24,3.52,5.0,2.56
RollerCoaster Tycoon 2: Wacky Worlds,2003-05-30,Simulation,5.5,Mediocre,Chris Sawyer Productions,Atari,0,200,262,750000,6.99,12.0,0.0,0.0,12.0
RollerCoaster Tycoon 3,2004-10-27,Simulation,8.5,Great,Nvizzio Creations,Atari;RCTO Productions,0,2577,4878,150000,10.99,16.13,30.22,32.01,25.24
Romance of The Three Kingdoms XI,2008-09-11,Strategy,7.2,Good,"KOEI TECMO GAMES CO., LTD.","KOEI TECMO GAMES CO., LTD.",0,0,0,10000,9.99,37.0,88.33,0.0,63.4
Rome: Total War,2004-09-22,Strategy,9.4,Amazing,CREATIVE ASSEMBLY,SEGA,0,897,1192,1500000,8.99,34.32,52.85,126.35,53.12
Rome: Total War -- Barbarian Invasion,2005-09-29,Strategy,8.8,Great,CREATIVE ASSEMBLY,SEGA,0,897,1192,1500000,8.99,17.35,52.0,0.0,20.67
Rome: Total War -- Alexander,2006-06-20,Strategy,8.0,Great,The Creative Assembly,SEGA,0,33,33,750000,8.99,9.2,11.97,12.88,9.46
Roogoo,2008-07-11,Puzzle,7.1,Good,Spidermonk Entertainment,SouthPeak Games,0,4,4,75000,0.79,2.43,0.0,3.37,2.65
Rugby 15,2014-12-04,Sports,2.0,Painful,Eko Software,Bigben Interactive,0,0,0,10000,29.99,0.0,0.0,18.96,18.96
Runes of Magic,2009-04-14,RPG,7.9,Good,Runewaker Entertainment,Gameforge 4D GmbH‬,0,0,0,75000,0.0,0.0,35.0,0.0,35.0
Runespell: Overture,2011-07-29,RPG,6.5,Okay,Mystic Box,Mystic Box,0,96,127,150000,7.99,6.7,10.41,16.32,11.43
Rush,2010-12-14,Puzzle,8.0,Great,Two Tribes,Two Tribes Publishing,0,53,56,350000,3.99,11.21,14.05,59.57,12.57
Rush for Berlin,2006-06-26,Strategy,8.0,Great,Stormregion,Deep Silver,0,0,0,35000,3.99,21.68,22.57,34.03,24.68
Ryse: Son of Rome,2013-11-21,"Action,Adventure",6.8,Okay,Crytek,Crytek ,18,225,198,1500000,11.99,6.39,8.36,20.0,7.22
S.T.A.L.K.E.R.: Shadow of Chernobyl,2007-03-19,Shooter,8.2,Great,GSC Game World,GSC Game World,0,493,360,1500000,9.99,15.09,24.43,42.23,21.61
S.T.A.L.K.E.R.: Clear Sky,2008-09-05,Shooter,7.3,Good,GSC Game World,GSC World Publishing,0,716,779,750000,7.99,12.69,22.5,35.5,18.3
S.T.A.L.K.E.R. Call of Pripyat,2010-02-05,Shooter,8.2,Great,GSC Game World,GSC Game World,0,1969,3186,1500000,12.99,15.03,23.99,31.84,21.69
Sacred,2004-04-12,RPG,7.8,Good,Keen Games,Deep Silver,16,182,306,350000,10.99,25.4,37.0,67.33,36.21
Sacred 3,2014-08-05,RPG,6.5,Okay,Keen Games,Deep Silver,16,182,306,350000,10.99,8.63,9.56,16.52,10.14
Sacred Citadel,2013-04-30,Action,5.9,Mediocre,Southend,Deep Silver,0,220,263,750000,7.99,5.07,6.48,21.53,5.93
Safecracker: The Ultimate Puzzle Adventure,2006-08-30,"Puzzle,Adventure",6.9,Okay,Kheops Studio,HandyGames,0,1,1,75000,4.49,3.54,4.74,5.74,4.05
Saints Row: The Third,2011-11-21,Action,8.5,Great,Volition,Deep Silver,18,1848,1033,3500000,6.99,15.37,27.43,45.2,26.03
Saints Row 2,2009-01-06,Action,6.3,Okay,Volition,Deep Silver,0,322,81,3500000,9.99,19.95,29.23,51.06,26.31
Saints Row IV,2013-08-14,Action,7.3,Good,Deep Silver Volition,Deep Silver,16,1279,1094,3500000,10.99,15.29,24.73,36.46,23.92
Salt and Sanctuary,2016-05-23,"Action,RPG",8.6,Great,Ska Studios,Ska Studios,16,623,813,350000,13.59,16.48,21.47,32.19,21.27
Samurai Gunn,2013-12-19,Shooter,8.3,Great,Teknopants,Maxistentialism,0,0,0,35000,11.99,0.0,0.0,0.51,0.51
Sanctum 2,2013-05-15,Strategy,8.5,Great,Coffee Stain Studios,Coffee Stain Publishing,0,293,203,3500000,11.39,12.14,32.82,57.76,20.93
SAS: Secure Tomorrow,2008-11-18,Shooter,6.0,Okay,Ninja Kiwi,Ninja Kiwi,0,40,41,750000,0.0,1.98,2.71,0.0,2.07
Screencheat,2014-10-26,Shooter,7.0,Good,Samurai Punk,Fellow Traveller;Samurai Punk,0,122,169,350000,11.39,2.39,5.0,7.57,5.35
Scribblenauts Unlimited,2012-11-20,"Puzzle,Action",8.8,Great,5th Cell Media,Warner Bros. Interactive Entertainment,0,630,390,1500000,14.99,7.25,10.45,13.12,10.71
Scribblenauts Unmasked: A DC Comics Adventure,2013-09-25,"Puzzle,Action",9.1,Amazing,5th Cell Media,Warner Bros. Interactive Entertainment,0,124,124,350000,14.99,6.48,8.26,11.74,9.14
Secret Files: Tunguska,2006-12-04,Adventure,7.6,Good,Animation Arts,Deep Silver,0,0,0,75000,7.99,9.14,11.62,12.26,10.49
Section 8,2009-09-08,Shooter,8.0,Great,TimeGate Studios,Atari,0,53,53,350000,6.99,3.06,3.83,4.78,3.12
Serious Sam: Double D,2011-09-02,Shooter,7.0,Good,Vlambeer;Croteam,Devolver Digital,0,18,18,750000,3.99,2.58,3.76,6.28,3.12
Serious Sam 3: BFE,2011-12-01,Shooter,7.0,Good,Croteam,Devolver Digital,0,378,215,3500000,29.99,10.06,14.62,27.35,12.38
Serious Sam HD,2009-12-02,Shooter,7.5,Good,Croteam,Devolver Digital,0,277,271,1500000,10.99,6.23,8.4,18.45,7.25
Serious Sam II,2005-10-11,Shooter,8.2,Great,Croteam,Devolver Digital,0,233,305,750000,6.99,10.17,12.82,13.6,11.1
Shad'O,2012-09-28,Adventure,7.0,Good,Okugi Studio,Okugi Sudio,0,58,58,35000,3.99,6.11,10.32,21.75,10.81
Shadow Harvest: Phantom Ops,2011-04-21,Shooter,4.5,Bad,Black Lion Studios,Viva Media,0,58,58,35000,6.99,7.5,0.0,0.0,7.5
Shadow Ops: Red Mercury,2004-09-22,Shooter,7.0,Good,Zombie Studios,Retroism,0,0,0,35000,4.99,5.9,9.1,18.47,6.87
Shadow Warrior,2013-10-02,Shooter,8.6,Great,Flying Wild Hog,Devolver Digital,18,319,227,3500000,29.99,12.29,15.47,35.3,14.06
Shadowgrounds,2006-05-30,Action,7.5,Good,Frozenbyte,Frozenbyte,0,186,258,750000,3.99,6.21,7.05,7.12,6.47
Shadowgrounds Survivor,2008-01-29,Action,7.6,Good,Frozenbyte,Frozenbyte,0,355,374,350000,6.99,4.03,4.63,6.09,4.18
Shadowrun,2007-06-04,Shooter,6.8,Okay,Harebrained Schemes,Paradox Interactive,0,505,424,750000,10.99,18.96,19.32,19.41,19.25
Shadowrun Returns,2013-07-25,RPG,7.3,Good,Harebrained Schemes,Paradox Interactive,0,278,240,1500000,10.99,11.61,14.36,17.78,13.88
Shank,2010-11-08,Action,7.0,Good,Klei Entertainment,Klei Entertainment,0,255,363,350000,7.19,3.09,4.39,9.83,3.49
Shank 2,2012-02-06,Action,8.5,Great,Klei Entertainment,Klei Entertainment,18,297,256,750000,7.19,3.89,6.39,18.61,4.75
Shattered Union,2005-10-31,Strategy,7.5,Good,PopTop,2K,0,0,0,35000,2.99,16.5,0.0,0.0,16.5
Sherlock Holmes: Nemesis,2008-05-23,Adventure,7.0,Good,Frogwares,Frogwares,0,0,0,150000,6.99,9.78,11.97,12.7,10.51
Sherlock Holmes Versus Jack the Ripper,2009-06-12,Adventure,8.0,Great,Frogwares,Frogwares,0,0,0,150000,6.99,10.7,11.07,11.17,11.02
Shift 2 Unleashed,2011-03-29,Racing,8.5,Great,Slightly Mad Studios,Electronic Arts,0,0,0,350000,19.99,20.14,35.64,48.43,26.82
Shovel Knight,2014-06-26,"Platformer,Adventure",9.0,Amazing,Yacht Club Games,Yacht Club Games,0,501,611,750000,18.99,6.67,9.54,18.24,8.51
Sid Meier's Civilization: Beyond Earth,2014-10-23,Simulation,7.9,Good,Firaxis Games;Aspyr (Mac);Aspyr (Linux),2K;Aspyr (Mac);Aspyr (Linux),0,932,1552,1500000,29.99,16.99,49.09,78.47,33.63
Sid Meier's Civilization IV,2005-10-21,Strategy,9.4,Amazing,Firaxis Games,2K,0,49,64,1500000,9.99,13.3,43.32,133.5,29.69
Sid Meier's Civilization IV: Warlords,2006-07-31,Strategy,8.4,Great,Firaxis Games,2K,0,49,64,1500000,9.99,6.55,7.96,15.0,7.07
Sid Meier's Civilization IV: Beyond the Sword,2007-07-26,Strategy,8.9,Great,Firaxis Games,2K,0,49,64,1500000,9.99,30.85,60.26,79.42,41.25
Sid Meier's Civilization IV: Colonization,2008-09-26,Strategy,8.7,Great,Firaxis Games,2K,0,1,1,1500000,9.99,10.58,16.33,26.69,12.99
Sid Meier's Civilization V,2010-09-20,Strategy,9.0,Amazing,Firaxis Games;Aspyr (Mac);Aspyr (Linux),2K;Aspyr (Mac);Aspyr (Linux),0,4760,1797,7500000,19.99,40.03,124.87,435.5,98.12
Sid Meier's Railroads!,2006-10-24,Simulation,8.0,Great,Firaxis Games;Feral Interactive (Mac),2K;Feral Interactive (Mac),0,165,253,750000,5.99,15.04,0.0,0.0,15.04
Sid Meier's Starships,2015-03-14,Strategy,6.5,Okay,Firaxis Games,2K,0,0,0,350000,10.99,5.07,19.5,0.0,7.85
Sideway: New York,2011-11-16,Platformer,8.0,Great,Playbrains;Fuel Entertainment,Playbrains,0,0,0,75000,6.99,4.02,4.12,5.27,4.17
Silent Hill: Homecoming,2008-11-19,Adventure,5.5,Mediocre,Double Helix Games,"Konami Digital Entertainment, Inc.;Konami Digital Entertainement GmbH",0,58,73,150000,17.99,9.36,11.22,18.35,10.52
Silent Hunter: Wolves of the Pacific,2007-03-21,Simulation,8.8,Great,Ubisoft Romania,Ubisoft,0,134,134,75000,8.59,35.0,84.05,0.0,51.35
Silent Hunter III,2005-03-18,Simulation,8.8,Great,Ubisoft,Ubisoft,0,0,0,150000,4.29,20.0,66.0,0.0,53.33
Silverfall,2007-04-04,"Action,RPG",5.5,Mediocre,Monte Cristo,Focus Home Interactive,0,0,0,35000,7.99,18.38,23.33,0.0,20.97
SiN Episodes: Emergence,2006-05-24,Shooter,8.0,Great,Ritual Entertainment,Ritual Entertainment,0,0,0,150000,7.19,3.16,4.0,5.04,3.58
Singularity,2010-06-29,Shooter,7.0,Good,Raven Software,Activision,18,148,148,150000,14.99,7.06,8.71,11.91,7.88
Sinking Island,2008-09-15,Adventure,6.5,Okay,White Birds Productions,Microids,0,0,0,35000,5.59,8.79,9.87,10.0,9.55
Sins of a Solar Empire,2008-02-15,Strategy,8.9,Great,Ironclad Games;Stardock Entertainment,Stardock Entertainment,0,145,145,350000,15.49,0.0,19.38,57.5,42.4
Sins of a Solar Empire: Entrenchment,2009-03-03,Strategy,8.7,Great,Ironclad Games;Stardock Entertainment,Stardock Entertainment,0,145,145,350000,15.49,0.0,18.0,0.0,18.0
Sins of a Solar Empire: Diplomacy,2010-02-10,Strategy,8.0,Great,Ironclad Games;Stardock Entertainment,Stardock Entertainment,0,145,145,350000,15.49,0.0,24.0,0.0,24.0
Sins of a Solar Empire: Rebellion,2012-06-13,Strategy,7.5,Good,Ironclad Games;Stardock Entertainment,Stardock Entertainment,0,507,393,3500000,30.99,10.52,50.64,179.84,28.65
"Sir, You are Being Hunted",2014-05-02,Shooter,7.7,Good,Big Robot Ltd,Big Robot Ltd,0,98,120,750000,14.99,3.99,5.39,6.46,4.24
Slender: The Arrival,2013-04-03,Adventure,6.5,Okay,Blue Isle Studios,Blue Isle Studios,0,46,46,350000,6.99,2.1,2.83,7.33,2.85
Smite,2014-04-01,Strategy,8.5,Great,Titan Forge Games,Hi-Rez Studios,0,1954,126,7500000,0.0,11.95,470.52,12776.49,214.95
Snapshot,2012-09-17,Platformer,5.0,Mediocre,Retro Affect,Retro Affect,0,89,89,350000,6.99,4.5,9.07,20.24,9.61
Sniper: Art of Victory,2008-11-14,Shooter,3.0,Awful,City Interactive,CI Games,0,113,123,1500000,5.99,2.37,2.73,2.69,2.5
Sniper: Ghost Warrior,2010-07-07,Shooter,5.0,Mediocre,City Interactive,CI Games,0,113,123,1500000,5.99,5.15,7.06,13.71,6.38
Sniper: Ghost Warrior 2,2013-03-19,Shooter,5.0,Mediocre,City Interactive,CI Games,18,234,228,1500000,6.99,5.13,7.24,11.55,5.94
Sniper Elite,2005-11-02,Action,7.5,Good,Rebellion,Rebellion,0,262,371,750000,5.59,13.0,14.84,22.07,14.37
Sniper Elite III,2014-06-26,Shooter,8.2,Great,Rebellion,Rebellion,0,321,331,1500000,22.99,9.13,14.29,30.29,11.97
SOL: Exodus,2012-01-27,Action,5.5,Mediocre,"Bit Planet Games, LLC","Bit Planet Games, LLC",0,0,0,75000,5.59,2.73,0.0,0.0,2.73
Solar 2,2011-07-14,Action,8.0,Great,Murudai,Murudai,0,229,402,350000,6.99,2.54,5.16,16.17,4.22
Soldiers: Heroes of World War II,2004-06-28,Strategy,8.5,Great,Best Way,1C Entertainment,0,0,0,150000,3.99,34.3,36.33,42.62,37.69
Soma,2015-09-21,Adventure,8.1,Great,Frictional Games,Frictional Games,0,258,347,750000,22.99,9.09,10.95,11.17,10.16
Soundodger,2013-10-15,"Music,Action",7.3,Good,Studio Bean,Adult Swim Games,0,130,130,75000,5.59,2.19,9.63,29.77,4.93
South Park: The Stick of Truth,2014-03-04,RPG,9.0,Amazing,Obsidian Entertainment,Ubisoft,0,1045,628,3500000,25.99,11.37,14.72,21.1,14.45
Space Chimps,2008-08-08,Adventure,6.7,Okay,Dani D,Dani D,0,0,0,10000,0.99,1.9,2.57,24.0,3.7
Space Colony,2003-10-20,Simulation,7.5,Good,FireFly Studios,FireFly Studios,0,404,404,150000,11.99,35.97,37.6,42.09,40.48
Space Empires V,2006-12-04,Strategy,6.6,Okay,Malfador Machinations,Strategy First,0,35,35,75000,10.99,0.0,10.7,0.0,10.7
Space Hulk,2013-08-30,Strategy,6.7,Okay,Full Control Studios,Full Control,0,87,87,350000,18.99,9.97,15.58,25.55,13.9
Space Trader: Merchant Marine,2008-12-19,Strategy,5.8,Mediocre,Meridian4,Meridian4,0,15,15,350000,3.99,6.94,7.42,13.23,8.21
Spacebase DF-9,2014-11-04,Simulation,6.8,Okay,Double Fine Productions,Double Fine Productions,0,228,228,150000,6.99,4.0,0.0,7.41,6.7
SpellForce: The Order of Dawn,2004-02-10,"Strategy,RPG",8.2,Great,Phenomic,THQ Nordic,0,2886,2886,150000,8.99,55.79,57.62,66.94,59.69
SpellForce 2: Shadow Wars,2006-05-31,Strategy,8.4,Great,Mind Over Matter Studios,THQ Nordic,0,1244,2481,350000,13.99,29.61,37.8,40.42,37.59
Spider-Man: Friend or Foe,2007-10-05,Action,4.9,Bad,Tiger Style,Tiger Style,0,0,0,35000,6.99,8.01,8.93,13.57,9.46
Spider-Man 2,2004-07-07,Action,4.5,Bad,Tiger Style,Tiger Style,0,0,0,35000,6.99,6.92,15.46,39.43,10.13
Spider-Man 3,2007-05-08,"Action,Adventure",4.7,Bad,Tiger Style,Tiger Style,0,0,0,35000,6.99,8.04,12.46,17.38,10.29
Split/Second,2010-05-25,Racing,8.5,Great,Black Rock Studio,Disney Interactive,0,143,143,75000,15.49,9.66,13.32,20.6,11.18
Spore,2008-09-04,Simulation,8.8,Great,Maxis™,Electronic Arts,0,1142,764,3500000,14.99,12.38,28.34,102.99,20.14
Sportsfriends,2014-05-15,"Action,Compilation",8.7,Great,Die Gute Fabrik,Die Gute Fabrik,0,73,73,35000,10.99,3.67,3.76,4.58,4.13
Star Trek Online,2010-02-17,RPG,6.8,Okay,Cryptic Studios,Perfect World Entertainment,0,2514,638,1500000,0.0,253.71,344.35,1006.81,500.84
Star Wars: Empire at War,2006-02-15,Strategy,7.6,Good,Pandemic Studios,Lucasfilm;LucasArts;Disney Interactive,0,618,320,3500000,7.19,15.25,26.43,43.93,18.5
Star Wars: The Clone Wars -- Republic Heroes,2009-10-06,Action,4.8,Bad,Krome Studios,LucasArts;Lucasfilm;Disney Interactive,0,2,2,750000,15.49,6.25,9.49,12.56,7.09
Star Wars: The Force Unleashed -- Ultimate Sith Edition,2009-11-02,Action,7.5,Good,Pandemic Studios,Lucasfilm;LucasArts;Disney Interactive,0,618,320,3500000,7.19,8.09,11.02,17.05,9.58
Star Wars: The Force Unleashed II,2010-10-27,Action,6.5,Okay,Aspyr Studios,LucasArts;Lucasfilm;Disney Interactive,0,249,365,1500000,15.49,5.2,7.04,12.15,5.85
Star Wars: The Old Republic -- Rise of the Hutt Cartel,2013-04-21,RPG,7.6,Good,Pandemic Studios,Lucasfilm;LucasArts;Disney Interactive,0,618,320,3500000,7.19,3.5,15.38,0.0,8.3
Star Wars: The Old Republic,2013-04-21,RPG,9.0,Amazing,Pandemic Studios,Lucasfilm;LucasArts;Disney Interactive,0,618,320,3500000,7.19,81.48,186.07,1356.5,174.12
Star Wars: The Old Republic -- Knights of the Fallen Empire,2015-12-11,RPG,6.5,Okay,Pandemic Studios,Lucasfilm;LucasArts;Disney Interactive,0,618,320,3500000,7.19,10.15,17.2,0.0,16.08
Star Wars Battlefront,2015-11-12,Shooter,8.0,Great,Pandemic Studios,Lucasfilm;LucasArts;Disney Interactive,0,618,320,3500000,7.19,6.29,10.01,65.58,9.23
Star Wars Battlefront II,2005-11-02,Shooter,7.0,Good,Pandemic Studios,Lucasfilm;LucasArts;Disney Interactive,0,618,320,3500000,7.19,6.29,10.01,65.58,9.23
Star Wars Jedi Knight: Jedi Academy,2003-09-15,Shooter,8.8,Great,Raven Software;Aspyr (Mac),LucasArts;Aspyr (Mac);Lucasfilm;Disney Interactive,0,1254,174,1500000,7.19,10.09,11.38,13.97,10.84
Star Wars Knights of the Old Republic,2003-11-21,RPG,9.0,Amazing,BioWare;Aspyr (Mac),LucasArts;Aspyr (Mac);Disney Interactive;Lucasfilm,0,660,400,3500000,7.19,29.13,36.51,48.3,36.32
Star Wars Knights of the Old Republic II: The Sith Lords,2005-02-08,RPG,8.7,Great,"Obsidian Entertainment;Aspyr (Mac, Linux, & Windows Update)","LucasArts;Disney Interactive;Lucasfilm;Aspyr (Mac, Linux)",0,990,774,3500000,7.19,30.52,40.9,53.7,41.1
Star Wars Republic Commando,2005-02-18,Shooter,8.2,Great,LucasArts,LucasArts;Lucasfilm;Disney Interactive,0,369,265,1500000,7.19,8.77,9.89,10.15,9.12
Starbound,2016-07-28,Action,9.1,Amazing,Chucklefish,Chucklefish,0,3556,2055,3500000,11.99,24.9,58.37,166.69,52.34
Stardew Valley,2016-03-25,"RPG,Simulation",8.8,Great,ConcernedApe,ConcernedApe,0,2868,1728,3500000,10.99,53.41,94.14,169.25,96.12
StarDrive,2013-05-13,Strategy,4.5,Bad,Zero Sum Games,Iceberg Interactive,0,0,0,150000,22.99,18.02,24.0,0.0,21.01
StarDrive 2,2015-04-20,Strategy,6.9,Okay,Zero Sum Games,Iceberg Interactive,0,833,833,75000,22.99,0.0,7.83,0.0,7.83
SteamWorld Dig,2013-09-18,Platformer,9.5,Amazing,Image & Form Games,Image & Form Games,0,169,250,750000,6.99,5.04,6.68,8.36,6.09
Stellaris,2016-05-09,Strategy,6.3,Okay,Paradox Development Studio,Paradox Interactive,0,2729,1563,3500000,34.99,32.31,89.33,339.1,83.65
Still Life,2005-06-14,Adventure,7.4,Good,Microids,Microids,0,13,13,150000,5.59,8.14,9.16,10.15,8.9
Still Life 2,2009-06-17,Adventure,7.5,Good,Microids,Microids,0,0,0,150000,5.59,10.12,10.44,13.58,11.14
Storm,2013-07-13,"Puzzle,Action",4.0,Bad,Eko Software,Eko Software,0,217,217,35000,6.99,2.71,0.0,11.06,9.45
Street Fighter IV,2009-07-15,Fighting,8.9,Great,Capcom,Capcom,0,0,0,150000,13.99,2.51,17.87,93.2,10.2
Street Fighter V,2016-02-15,Fighting,8.0,Great,Capcom,Capcom,0,793,1203,750000,15.99,3.32,23.69,128.32,14.01
Strike Suit Zero,2013-01-22,Shooter,7.5,Good,Born Ready Games Ltd.,Born Ready Games,0,57,77,350000,14.99,7.52,10.69,16.63,8.78
Strong Bad's Cool Game for Attractive People -- Episode 4: Dangeresque 3,2008-11-17,Adventure,8.5,Great,Telltale Games,Telltale Games,0,0,0,150000,22.99,2.06,3.3,5.03,2.59
Stronghold 2,2005-04-30,Strategy,6.7,Okay,FireFly Studios,FireFly Studios,0,473,665,1500000,3.49,16.93,20.84,32.43,21.97
Stronghold 3,2011-11-04,Strategy,5.5,Mediocre,FireFly Studios,FireFly Studios,0,473,665,1500000,3.49,7.0,0.0,8.54,8.16
Stronghold Legends,2006-10-27,Strategy,5.7,Mediocre,FireFly Studios,FireFly Studios,0,337,519,150000,11.99,11.96,44.99,100.83,36.76
Styx: Master of Shadows,2014-10-14,Action,7.2,Good,Cyanide Studio,Focus Home Interactive,0,243,248,750000,24.99,17.02,22.51,42.01,23.03
Submerged,2015-08-07,Adventure,6.8,Okay,Uppercut Games Pty Ltd,Uppercut Games Pty Ltd,0,317,317,350000,14.99,2.37,3.34,5.27,4.05
SunAge,2008-02-12,Strategy,5.2,Mediocre,vertex4 entertainment ltd.,vertex4 entertainment ltd.,0,0,0,10000,10.99,0.0,0.0,28.89,28.89
Sunless Sea,2015-02-19,Adventure,8.3,Great,Failbetter Games,Failbetter Games,0,417,573,750000,13.99,20.25,61.22,123.14,58.61
Sunset,2015-05-21,Adventure,8.0,Great,Tale of Tales,Tale of Tales,0,0,0,10000,14.99,4.47,5.73,15.07,6.27
Super Comboman,2014-07-21,Action,6.0,Okay,Interabang Entertainment,Flashman Games,0,0,0,10000,10.99,0.0,5.7,0.0,5.7
Super House of Dead Ninjas,2013-03-26,Action,8.3,Great,Megadev,Adult Swim Games,0,564,943,150000,4.99,2.67,7.5,25.79,6.09
Super Meat Boy,2010-12-01,Platformer,9.0,Amazing,Jenito,Jenito,0,0,0,10000,3.99,9.39,18.37,45.68,14.09
Super Monday Night Combat,2012-05-24,Shooter,7.5,Good,Uber Entertainment,Uber Entertainment,0,101,101,350000,3.99,4.03,0.0,62.92,10.57
Superhot,2016-02-25,Action,7.5,Good,SUPERHOT Team,SUPERHOT Team,0,212,203,1500000,17.99,0.44,0.0,0.48,0.46
Supreme Commander,2007-02-16,Strategy,9.0,Amazing,Gas Powered Games,Square Enix,0,306,306,1500000,8.99,18.64,33.88,44.69,28.29
Supreme Commander: Forged Alliance,2007-11-09,Strategy,8.6,Great,Gas Powered Games,Square Enix,0,803,1067,1500000,8.99,18.04,21.9,38.46,20.39
Supreme Commander 2,2010-03-03,Strategy,8.4,Great,Gas Powered Games,Square Enix,0,1834,2894,1500000,8.99,14.17,23.79,48.01,20.76
Supreme League of Patriots,2015-01-31,Adventure,5.7,Mediocre,No Bull Intentions,Phoenix Online Publishing,0,0,0,35000,4.79,2.43,2.63,2.56,2.62
Surgeon Simulator 2013,2013-04-22,Simulation,7.8,Good,Bossa Studios,Bossa Studios,0,266,258,1500000,6.99,3.26,6.43,15.23,5.81
Sword of the Stars II: Lords of Winter,2011-11-21,Strategy,2.5,Painful,Kerberos Productions,Paradox Interactive,0,38,74,150000,14.99,129.0,0.0,0.0,129.0
Syberia II,2004-03-17,Adventure,8.6,Great,Microids,Microids,0,227,227,750000,9.99,7.57,9.36,9.76,8.31
Symphony,2012-08-30,Shooter,7.0,Good,Empty Clip Studios,Empty Clip Studios,0,321,321,350000,6.19,8.08,12.7,20.93,9.93
Takedown: Red Sabre,2013-10-01,Shooter,4.0,Bad,Serellan LLC,505 Games,0,80,89,350000,3.99,5.97,0.0,8.5,6.6
Tales from the Borderlands -- Episode 5 The Vault of the Traveler,2015-10-20,Adventure,9.0,Amazing,Telltale Games,Telltale Games,18,524,518,1500000,11.99,2.11,2.18,2.28,2.14
Tank Universal,2008-10-17,Action,7.0,Good,Dialogue Design,Meridian4,0,39,63,150000,3.99,8.0,0.0,13.27,10.16
Team Fortress 2,2007-10-09,Shooter,8.9,Great,Valve,Valve,0,8495,623,35000000,0.0,293.02,594.4,2616.46,594.96
Teleglitch: Die More Edition,2013-08-27,Shooter,7.8,Good,Test3 Projects,Paradox Interactive,0,117,126,750000,8.99,4.85,17.8,18.49,10.48
Terraria,2011-05-25,"Action,RPG",9.0,Amazing,Re-Logic,Re-Logic,0,5585,1840,7500000,6.99,51.97,92.28,203.73,105.56
Tesla Effect: A Tex Murphy Adventure,2014-05-07,Adventure,6.8,Okay,Big Finish Games,SEGA,0,82,82,350000,14.99,10.77,12.46,15.71,11.79
Test Drive: Ferrari Racing Legends,2012-07-03,Racing,6.5,Okay,Slightly Mad Studios,Evolved Games,3,1350,1350,10000,14.99,24.27,53.74,77.0,43.47
Tharsis,2016-01-20,Strategy,4.8,Bad,Choice Provisions,Choice Provisions,0,272,272,350000,10.99,2.25,4.67,13.52,3.6
"That Dragon, Cancer",2016-01-15,Adventure,8.0,Great,Numinous Games,Numinous Games,0,0,0,35000,6.99,1.85,2.0,2.05,1.92
The Baconing,2011-09-02,"Action,RPG",6.0,Okay,Hothead Games,Hothead Games,0,14,14,150000,9.99,9.19,10.26,13.92,10.69
The Ball,2010-10-25,"Action,Adventure",7.0,Good,Teotl Studios,Tripwire Interactive,0,14,14,350000,6.99,5.94,7.8,13.87,6.66
The Banner Saga: Factions,2013-03-14,"Strategy,RPG",7.8,Good,Stoic,Versus Evil,0,95245,190489,350000,0.0,15.0,0.0,0.0,15.0
The Banner Saga,2014-01-14,"Strategy,RPG",8.6,Great,Stoic,Versus Evil,0,164,188,750000,18.74,10.71,13.71,30.65,12.35
The Banner Saga 2,2016-04-19,"Strategy,RPG",8.9,Great,Stoic,Versus Evil,0,331,331,350000,18.74,11.37,15.17,25.8,13.58
The Beginner's Guide,2015-10-07,Adventure,8.0,Great,Everything Unlimited Ltd.,Everything Unlimited Ltd.,0,120,120,350000,6.99,1.53,1.66,1.7,1.58
The Binding of Isaac,2011-10-11,RPG,7.5,Good,Edmund McMillen and Florian Himsl,Edmund McMillen,0,1849,567,3500000,3.99,10.83,49.2,138.94,44.22
The Binding of Isaac: Rebirth,2014-11-26,RPG,9.0,Amazing,"Nicalis, Inc.","Nicalis, Inc.",16,4583,3236,3500000,10.99,5.63,96.82,371.6,123.47
The Black Mirror,2003-11-17,Adventure,7.2,Good,KING Art,THQ Nordic,0,0,0,10000,24.99,13.21,15.12,15.28,14.07
The Bureau: XCOM Declassified,2013-08-20,Shooter,5.5,Mediocre,2K Marin,2K,16,201,168,3500000,14.99,10.63,14.38,17.59,13.38
The Club,2008-02-29,Action,6.9,Okay,Bizarre Creations,SEGA,0,0,0,35000,9.99,4.42,5.62,9.23,4.88
The Crew,2014-12-02,"Racing,Action",6.0,Okay,Ivory Tower in collaboration with Ubisoft Reflections,Ubisoft,0,657,725,350000,25.99,19.0,42.41,118.66,33.86
The Darkness II,2012-02-07,Shooter,8.0,Great,Digital Extremes,2K,18,191,214,1500000,19.99,6.05,8.23,14.88,7.07
The Elder Scrolls III: Bloodmoon,2003-06-16,RPG,8.9,Great,Bethesda Game Studios,Bethesda Softworks,0,1135,1183,1500000,12.99,9.37,13.99,23.31,14.06
The Elder Scrolls IV: Oblivion,2006-03-24,RPG,9.3,Amazing,Bethesda Game Studios,Bethesda Softworks,0,1307,630,1500000,12.99,27.62,84.92,184.23,79.48
The Elder Scrolls Online,2014-03-31,RPG,7.8,Good,Zenimax Online Studios,Bethesda Softworks,18,10659,3143,1500000,14.99,47.94,199.2,527.03,181.47
The Elder Scrolls V: Skyrim,2011-11-10,RPG,9.5,Amazing,Bethesda Game Studios,Bethesda Softworks,16,7089,3885,15000000,9.99,34.77,109.85,237.21,114.69
The Escapists,2015-02-13,"Action,Strategy",7.6,Good,Mouldy Toof Studios,Team17 Digital Ltd,0,826,590,1500000,12.99,19.71,43.23,43.66,28.52
The Experiment,2008-03-03,Adventure,6.8,Okay,OnSkull Games,OnSkull Games,0,3,3,10000,2.89,12.61,0.0,13.95,13.62
The First Templar,2011-05-24,"Action,Adventure",4.0,Bad,Haemimont Games,Kalypso Media Digital,0,36,36,150000,6.99,10.02,13.61,19.38,13.88
The Flame in the Flood,2016-03-03,Adventure,7.3,Good,The Molasses Flood,The Molasses Flood;Curve Digital,0,125,125,750000,14.99,8.64,13.62,49.91,11.23
The Godfather,2006-03-21,"Action,Adventure",7.9,Good,Mikeypoo's Games;David Szymanski,Plug In Digital,0,0,0,35000,0.0,13.87,22.04,31.42,21.84
The Golf Club,2014-08-26,Sports,7.0,Good,HB Studios,HB Studios,0,0,0,35000,22.99,9.83,12.32,14.0,12.18
The Great Escape,2003-08-04,"Action,Adventure",5.0,Mediocre,XiNFiNiTY Games,OtakuMaker SARL,0,240,246,35000,2.79,8.76,9.0,0.0,8.81
The Haunted: Hells Reach,2011-11-01,Shooter,5.0,Mediocre,KTX Software,Signo & Arte,0,285,333,75000,5.99,25.0,38.0,51.0,38.0
The Incredible Adventures of Van Helsing,2013-06-07,"Action,RPG",7.0,Good,NeocoreGames,NeocoreGames,0,572,720,750000,10.99,12.8,17.72,33.29,17.27
The Incredible Adventures of Van Helsing II,2014-05-30,"Action,RPG",7.4,Good,NeocoreGames,NeocoreGames,0,312,421,350000,10.99,10.51,16.49,37.38,14.87
The Incredibles,2004-11-18,Action,6.5,Okay,TT Games;Feral Interactive (Mac),Warner Bros. Interactive Entertainment;Feral Interactive (Mac),0,0,0,10000,34.99,5.4,6.39,6.77,5.87
The Kings' Crusade,2010-11-02,Strategy,5.0,Mediocre,NeoCoreGames,Paradox Interactive,0,0,0,75000,7.99,5.88,0.0,0.0,5.88
The Last Federation,2014-04-29,Strategy,6.9,Okay,"Arcen Games, LLC","Arcen Games, LLC",0,0,0,75000,14.99,6.85,8.3,0.0,7.09
The LEGO Movie Videogame,2014-02-13,"Action,Adventure",6.5,Okay,TT Fusion;Traveller's Tales;Feral Interactive (Mac),Warner Bros. Interactive Entertainment;Feral Interactive (Mac),0,570,570,350000,14.99,7.67,11.44,17.55,12.64
The Lord of the Rings: Conquest,2009-01-16,Action,7.0,Good,Fantasy Flight Interactive,Asmodee Digital,0,0,0,35000,14.49,5.93,8.84,10.54,7.12
The Lord of the Rings Online: Riders of Rohan,2012-10-26,RPG,8.3,Great,"Standing Stone Games, LLC","Standing Stone Games, LLC",0,892,300,3500000,0.0,43.0,0.0,0.0,43.0
The Lost Crown: A Ghost-hunting Adventure,2008-03-24,Adventure,7.0,Good,Darkling Room,Iceberg Interactive,0,0,0,75000,6.99,18.95,19.77,21.14,19.83
The Magic Circle,2015-07-31,Adventure,7.8,Good,Question,Question,0,75,75,150000,14.99,3.57,4.54,9.08,4.66
The Maw,2009-03-11,Action,8.0,Great,Twisted Pixel Games,Twisted Pixel Games,0,14,14,75000,8.99,3.09,3.89,5.05,3.93
The Moment of Silence,2005-03-04,Adventure,6.9,Okay,House of Tales,HandyGames,0,0,0,10000,13.99,11.58,12.78,15.12,12.62
The Night of the Rabbit,2013-06-07,Adventure,7.9,Good,Daedalic Entertainment,Daedalic Entertainment,0,96,112,350000,16.99,9.89,14.09,15.47,13.59
The Park,2016-05-04,Adventure,7.0,Good,Funcom,Funcom,0,0,0,150000,9.99,1.51,1.75,1.84,1.64
The Path,2009-03-24,Action,7.7,Good,Tale of Tales,Tale of Tales,0,49,64,150000,6.99,2.96,3.83,6.02,3.42
The Pinball Arcade,2013-11-19,Pinball,9.0,Amazing,"FarSight Studios, Inc.","FarSight Studios, Inc.",0,0,0,10000,0.0,1.02,2.04,50.0,3.38
The Political Machine,2004-09-20,Strategy,7.9,Good,Stardock Entertainment,Stardock Entertainment,0,3,3,75000,6.99,0.0,16.74,0.0,16.74
The Political Machine 2012,2012-08-09,Strategy,6.5,Okay,Stardock Entertainment,Stardock Entertainment,0,3,3,75000,6.99,2.06,2.45,10.29,5.03
The Secret of Monkey Island: Special Edition,2009-07-15,Adventure,8.7,Great,LucasArts,LucasArts;Lucasfilm;Disney Interactive,0,58,94,750000,7.19,6.64,7.32,7.55,7.01
The Settlers: Heritage of Kings,2005-03-04,Strategy,6.5,Okay,Ubisoft Blue Byte,Ubisoft,0,0,0,10000,9.99,25.24,30.84,39.16,30.13
The Settlers 7: Paths to a Kingdom,2010-04-06,Strategy,6.0,Okay,Ubisoft Blue Byte,Ubisoft,0,0,0,10000,12.49,20.34,29.87,42.75,23.25
The Ship,2006-08-25,Adventure,7.4,Good,Outerlight Ltd.,Blazing Griffin Ltd.,0,233,239,1500000,0.0,2.61,3.1,4.07,2.92
The Sims 2,2004-09-10,Simulation,9.4,Amazing,The Sims Studio,Electronic Arts,0,4730,499,3500000,24.99,25.66,47.13,119.61,38.52
The Sims 3,2009-06-01,Simulation,8.9,Great,The Sims Studio,Electronic Arts,0,4730,499,3500000,24.99,52.56,92.29,154.01,82.85
The Sims 3 (Collector's Edition),2009-06-10,Simulation,8.9,Great,The Sims Studio,Electronic Arts,0,4730,499,3500000,24.99,52.56,92.29,154.01,82.85
The Sims 4,2014-09-02,Simulation,7.5,Good,The Sims Studio,Electronic Arts,0,4730,499,3500000,24.99,22.16,103.97,288.86,93.85
The Stanley Parable,2013-10-18,Adventure,8.8,Great,Galactic Cafe,Galactic Cafe,0,170,132,3500000,9.99,1.45,2.89,8.82,3.15
The Swapper,2013-06-01,Platformer,9.3,Amazing,"Olli Harjola, Otto Hantula, Tom Jubert, Carlo Castellano",Facepalm Games,0,129,184,750000,11.99,5.1,5.44,5.91,5.35
The Talos Principle,2014-12-09,"Puzzle,Adventure",8.3,Great,Croteam,Devolver Digital;Croteam,0,230,186,1500000,29.99,15.65,21.07,29.3,21.2
The Technomancer,2016-06-28,RPG,4.9,Bad,Spiders,Focus Home Interactive,0,67,67,150000,23.99,18.92,27.57,45.1,28.34
The Turing Test,2016-08-31,Puzzle,7.0,Good,Bulkhead Interactive,Square Enix,0,357,434,350000,14.99,5.1,5.9,6.25,5.98
The UnderGarden,2010-11-16,"Puzzle,Adventure",6.5,Okay,Artech Studios,Retroism,0,23,23,35000,4.99,5.29,6.34,9.78,7.26
The Vanishing of Ethan Carter,2014-10-02,Adventure,8.5,Great,The Astronauts,The Astronauts,0,185,217,750000,14.99,3.76,4.22,4.32,4.09
The Witcher,2007-10-29,RPG,8.5,Great,CD PROJEKT RED,CD PROJEKT RED;1C-SoftClub,0,773,335,3500000,6.99,35.26,45.97,63.58,46.46
The Witcher 2: Assassins of Kings,2011-05-24,RPG,9.0,Amazing,CD PROJEKT RED,CD PROJEKT RED;1C-SoftClub,0,838,320,3500000,14.99,24.15,34.58,56.53,33.11
The Witcher 3: Wild Hunt,2015-05-12,RPG,9.3,Amazing,CD PROJEKT RED,CD PROJEKT RED,0,3068,2002,7500000,24.99,51.57,103.73,174.89,103.78
The Witcher Adventure Game,2014-12-18,Board,6.9,Okay,CD PROJEKT RED;Can Explode,CD PROJEKT RED,0,26,27,150000,6.99,5.14,11.94,35.44,12.96
The Witness,2016-01-25,Puzzle,10.0,Masterpiece,"Thekla, Inc.","Thekla, Inc.",0,630,674,750000,29.99,17.01,24.28,37.61,22.69
Theatre of War 3: Korea,2011-04-13,Strategy,5.0,Mediocre,1C Entertainment,1C Entertainment,0,0,0,75000,4.99,11.18,0.0,0.0,11.18
They Bleed Pixels,2012-09-18,Platformer,8.2,Great,Spooky Squid Games Inc.,Spooky Squid Games Inc.,0,300,390,350000,6.99,8.75,11.57,17.25,10.42
Thief: Deadly Shadows,2004-05-25,"Action,Adventure",8.6,Great,Ion Storm,Square Enix,0,254,368,750000,6.99,16.56,22.46,29.11,20.65
Thief,2014-02-24,Adventure,6.8,Okay,Eidos-Montréal;Feral Interactive (Mac),Square Enix;Feral Interactive (Mac),16,276,192,1500000,19.99,10.97,22.31,44.22,18.21
Thirty Flights of Loving,2012-08-29,Adventure,8.0,Great,Blendo Games,Blendo Games,0,0,0,150000,3.99,0.31,0.55,0.7,0.41
This War Of Mine,2014-11-25,Strategy,8.4,Great,11 bit studios,11 bit studios,0,512,347,3500000,14.99,11.19,20.2,43.04,16.24
Thomas Was Alone,2012-07-24,Platformer,8.0,Great,Bithell Games,Bithell Games,0,72,81,750000,5.99,3.53,3.86,4.16,3.83
Thrillville: Off the Rails,2007-10-17,Simulation,7.9,Good,Frontier,LucasArts,0,17,17,35000,7.19,7.23,12.23,13.58,9.94
Thunder Wolves,2013-05-27,"Flight,Action",6.7,Okay,Most Wanted Entertainment,HandyGames,0,0,0,150000,7.99,3.5,6.52,15.83,4.3
TimeShift,2007-10-30,Shooter,7.6,Good,Saber Interactive,Activision,0,0,0,150000,9.99,7.88,8.88,9.11,8.0
Tiny & Big: Grandpa's Leftovers,2012-06-22,Action,7.5,Good,Black Pants Studio,Black Pants Studio,0,207,197,750000,6.99,2.59,3.81,11.92,3.34
Tiny Brains,2013-12-04,Puzzle,4.5,Bad,Spearhead Games,Spearhead Games,0,132,132,75000,7.19,2.15,2.75,3.42,2.38
Titan Souls,2015-04-13,RPG,8.0,Great,Acid Nerve,Devolver Digital,0,46,67,350000,10.99,3.14,4.03,7.32,3.76
Titanfall,2014-03-10,"Shooter,First-Person",8.9,Great,Geoff Keighley,Geoff Keighley,0,0,0,35000,1.59,6.56,30.64,71.9,13.34
To the Moon,2011-11-29,RPG,7.5,Good,Freebird Games,Freebird Games,0,200,233,1500000,6.99,4.12,4.52,4.6,4.29
Tobe's Vertical Adventure,2011-07-28,Platformer,8.0,Great,Secret Base,Secret Base,0,17,17,75000,0.79,2.06,2.8,10.0,2.41
Tom Clancy's EndWar,2009-03-03,Strategy,7.0,Good,Ubisoft  Shanghaï,Ubisoft,0,384,655,150000,8.59,10.82,28.04,72.65,14.33
Tom Clancy's Rainbow Six: Lockdown,2006-02-16,Shooter,6.5,Okay,Red Storm Entertainment,Ubisoft,0,20,20,150000,4.29,7.54,8.2,11.4,8.71
Tom Clancy's Rainbow Six: Vegas,2006-12-15,Shooter,8.4,Great,Ubisoft Montreal,Ubisoft,0,0,0,350000,8.59,8.19,12.1,33.26,9.7
Tom Clancy's Rainbow Six: Vegas 2,2008-04-21,Shooter,7.7,Good,Ubisoft Montreal,Ubisoft,0,1349,1936,750000,8.59,8.18,12.03,29.25,9.99
Tom Clancy's Rainbow Six Siege,2015-11-30,Shooter,7.9,Good,Ubisoft Montreal,Ubisoft,0,7504,2543,7500000,16.99,3.32,25.59,139.17,43.25
Tom Clancy's Splinter Cell,2003-02-18,Adventure,9.4,Amazing,Ubisoft,Ubisoft,0,28,28,350000,4.29,12.45,14.77,15.95,13.46
Tom Clancy's Splinter Cell Chaos Theory,2005-03-23,"Action,Adventure",9.6,Amazing,Ubisoft Montreal,Ubisoft,0,22,22,350000,8.59,12.94,14.21,19.71,13.9
Tom Clancy's Splinter Cell Double Agent,2006-11-22,Action,9.0,Amazing,Ubisoft Montreal,Ubisoft,0,0,0,350000,8.59,11.19,11.95,15.23,11.87
Tom Clancy's The Division,2016-03-17,Shooter,6.7,Okay,Massive Entertainment,Ubisoft,18,4252,1952,3500000,41.99,24.24,47.66,85.59,44.08
Tomb Raider: The Angel of Darkness,2003-07-10,"Action,Adventure",5.3,Mediocre,Crystal Dynamics,Square Enix,16,714,725,750000,4.99,14.86,17.16,18.44,15.77
Tomb Raider: Legend,2006-04-05,"Action,Adventure",8.2,Great,Crystal Dynamics,Square Enix,16,714,725,750000,4.99,7.2,9.09,14.98,8.4
Tomb Raider,2013-02-25,Action,9.1,Amazing,Crystal Dynamics;Eidos-Montréal;Feral Interactive (Mac);Feral Interactive (Linux),Square Enix;Feral Interactive (Mac);Feral Interactive (Linux),18,527,475,7500000,14.99,11.34,15.47,20.89,14.36
Tomb Raider Anniversary,2007-06-01,Adventure,8.0,Great,Crystal Dynamics;Feral Interactive (Mac),Square Enix;Feral Interactive (Mac),16,239,280,750000,6.99,12.36,15.27,20.59,14.0
Tomb Raider Underworld,2008-11-21,Action,8.0,Great,Crystal Dynamics,Square Enix,16,313,565,750000,6.99,9.89,12.2,18.77,11.01
Torchlight,2009-11-18,"Action,RPG",8.6,Great,Runic Games,Runic Games,0,1108,1144,1500000,10.99,14.21,21.37,48.49,19.14
Torchlight II,2012-09-20,"Action,RPG",9.1,Amazing,Runic Games,Runic Games,0,1037,508,3500000,14.99,20.71,29.53,80.35,27.75
Total War: Shogun 2,2011-03-16,Strategy,9.0,Amazing,CREATIVE ASSEMBLY;Feral Interactive (Mac);Feral Interactive (Linux),SEGA;Feral Interactive (Mac);Feral Interactive (Linux),0,469,361,3500000,0.0,27.18,72.06,216.15,52.82
Total War: Shogun 2 -- Fall of The Samurai,2012-04-03,Strategy,9.0,Amazing,CREATIVE ASSEMBLY;Feral Interactive (Mac);Feral Interactive (Linux),SEGA;Feral Interactive (Mac);Feral Interactive (Linux),0,469,361,3500000,0.0,19.15,34.0,143.12,27.58
Total War: Rome II,2013-09-06,Strategy,8.8,Great,CREATIVE ASSEMBLY;Feral Interactive (Mac);Feral Interactive (Linux),SEGA;Feral Interactive (Mac);Feral Interactive (Linux),0,469,361,3500000,0.0,47.12,95.33,266.85,76.35
Total War: Attila,2015-02-12,Strategy,8.1,Great,CREATIVE ASSEMBLY,SEGA,0,2147,2926,1500000,29.99,44.73,168.67,548.76,98.99
Total War: Warhammer,2016-05-19,Strategy,8.6,Great,CREATIVE ASSEMBLY;Feral Interactive (Linux);Feral Interactive (Mac),SEGA;Feral Interactive (Linux);Feral Interactive (Mac),0,3610,4356,1500000,39.99,34.66,68.87,184.82,54.77
Total War Battles: Shogun,2012-09-11,Strategy,7.0,Good,CREATIVE ASSEMBLY,SEGA,0,177,334,750000,0.0,10.0,14.0,16.91,14.43
TowerFall Ascension,2014-03-25,Action,8.9,Great,Matt Thorson,Matt Makes Games Inc.,0,337,340,350000,10.99,3.79,9.75,35.89,7.26
Trackmania 2: Canyon,2011-09-26,Racing,8.5,Great,Nadeo,Ubisoft,0,3793,5675,150000,16.99,12.8,15.63,63.66,24.88
Transistor,2014-05-20,"Action,RPG",9.0,Amazing,Supergiant Games,Supergiant Games,0,353,352,1500000,15.49,5.99,8.39,15.76,7.72
Trapped Dead,2011-08-12,Strategy,4.0,Bad,Headup Games / Crenetic,Headup Games ,0,142,157,150000,3.99,10.28,12.14,13.12,11.26
Trauma,2011-08-09,Simulation,7.0,Good,Krystian Majewski,Krystian Majewski,0,7,7,350000,4.39,2.17,0.0,0.0,2.17
Trials 2: Second Edition,2008-06-11,Racing,8.0,Great,Redlynx,RedLynx Ltd.,0,382,382,75000,5.99,7.89,30.04,194.67,26.56
Trials Fusion,2014-04-16,"Racing,Action",8.2,Great,"RedLynx, in collaboration with  Ubisoft Shanghai, Ubisoft Kiev",Ubisoft,0,418,480,350000,16.99,6.78,22.36,115.53,12.38
Tribes: Ascend,2012-04-19,Action,9.0,Amazing,Hi-Rez Studios,Hi-Rez Studios,0,128,75,3500000,0.0,0.0,0.0,74.0,74.0
Trine 2,2011-12-19,Adventure,9.0,Amazing,Frozenbyte,Frozenbyte,0,421,319,3500000,13.99,8.2,11.59,22.92,10.32
Tron 2.0,2003-08-22,Action,8.0,Great,"Monolith Productions, Inc.",Disney Interactive,0,0,0,35000,7.19,11.77,12.7,13.93,12.52
Tropico 3,2009-10-16,Strategy,8.4,Great,Haemimont Games,Kalypso Media Digital,0,291,425,1500000,7.99,25.52,30.64,41.98,30.73
Tropico 4,2011-09-13,Strategy,8.5,Great,Haemimont Games,Kalypso Media Digital,0,518,268,3500000,12.49,40.55,62.19,105.25,61.3
Tropico 5,2014-05-30,Strategy,7.2,Good,Haemimont Games,Kalypso Media Digital,0,292,364,1500000,14.99,22.62,40.33,98.7,31.28
Tunnel Rats (Replay Studios Version),2009-05-22,Shooter,3.8,Awful,Replay Studios,Boll AG,0,0,0,10000,15.99,2.93,3.0,3.33,3.05
Turok,2008-04-24,Shooter,7.0,Good,Iguana Entertainment;Nightdive Studios,Nightdive Studios,0,2092,2092,75000,14.99,7.33,8.82,9.93,7.85
Twin Sector,2010-01-12,Action,4.3,Bad,DnS Development,DnS Development,0,0,0,75000,3.99,8.11,0.0,11.67,8.77
Two Worlds II,2011-02-03,RPG,6.0,Okay,Reality Pump Studios,"Topware Interactive, ACE",0,327,403,750000,14.99,30.14,39.71,49.07,38.6
Two Worlds II: Castle Defense,2011-05-25,Strategy,6.5,Okay,Reality Pump Studios,Topware Interactive,0,320,330,350000,6.99,2.94,3.11,3.33,3.07
UberSoldier,2006-04-18,Shooter,6.0,Okay,Burut CT,Strategy First,0,0,0,150000,6.99,5.5,6.07,12.9,6.8
UberSoldier II,2008-08-22,Shooter,6.8,Okay,Burut CT,Strategy First,0,0,0,150000,6.99,6.74,7.0,7.48,6.88
UFO: Aftermath,2003-10-13,Strategy,7.5,Good,Altar Interactive,1C Entertainment,0,0,0,75000,2.79,22.68,35.33,45.51,29.1
UFO: Aftershock,2005-12-02,Strategy,7.5,Good,ALTAR Interactive,1C Entertainment,0,0,0,75000,2.79,47.95,51.5,94.91,61.52
UFO: Afterlight,2007-06-01,Strategy,7.4,Good,Altar Games,Bohemia Interactive,0,2380,2380,350000,4.99,33.33,36.7,60.52,39.58
UFO: Extraterrestrials,2007-07-31,Strategy,5.9,Mediocre,Chaos Concept,ND Games,0,0,0,150000,9.99,55.7,0.0,0.0,55.7
Undertale,2016-01-13,RPG,10.0,Masterpiece,tobyfox,tobyfox,0,679,443,3500000,6.99,6.96,11.19,20.63,10.11
Unreal II: The Awakening,2003-01-29,Shooter,8.2,Great,"Epic Games, Inc.","Epic Games, Inc.",0,682,682,350000,8.99,8.47,10.01,11.89,9.07
Unreal Tournament 2004,2004-03-11,Shooter,9.4,Amazing,"Epic Games, Inc.","Epic Games, Inc.",0,414,496,350000,8.99,14.6,20.28,29.4,16.4
Unreal Tournament 2004 (Editor's Choice Edition),2004-09-29,Shooter,9.4,Amazing,"Epic Games, Inc.","Epic Games, Inc.",0,414,496,350000,8.99,14.6,20.28,29.4,16.4
Unstoppable Gorg,2012-01-24,Strategy,6.5,Okay,Futuremark,Futuremark,0,37,37,75000,6.99,4.15,7.33,11.83,6.36
Uplink: Hacker Elite,2003-04-30,Strategy,7.5,Good,Introversion Software,Introversion Software,0,65,77,750000,6.99,8.57,15.91,31.77,13.89
Uru: Ages Beyond Myst,2003-12-04,Adventure,9.0,Amazing,Cyan Worlds,Cyan Worlds,0,0,0,75000,6.99,12.59,0.0,0.0,12.59
Valkyria Chronicles,2014-11-26,"Action,RPG",8.8,Great,SEGA,SEGA,0,892,1068,750000,14.99,30.35,38.48,60.05,36.75
Vampire: The Masquerade -- Bloodlines,2004-11-17,RPG,8.4,Great,Troika Games,Activision,0,350,202,750000,14.99,22.72,28.63,39.59,28.87
Velocity Ultra,2013-07-23,Shooter,8.4,Great,Curve Digital;FuturLab,Curve Digital,0,0,0,75000,6.49,4.32,5.12,12.91,5.6
Velvet Assassin,2009-05-07,Action,5.0,Mediocre,Replay Studios,Missing Link Games,0,9,10,350000,1.69,9.96,11.94,13.12,10.51
Venetica,2011-01-28,"Action,RPG",6.0,Okay,Deck13,Deck13,0,39,39,75000,6.99,18.56,21.36,28.75,22.1
Vessel,2012-05-16,"Puzzle,Action",8.0,Great,Strange Loop Games,IndiePub,0,21,25,350000,14.99,9.6,12.73,13.63,12.01
Victoria: An Empire Under the Sun,2003-12-08,Strategy,7.2,Good,VIS-Games,SilentFuture,0,0,0,10000,6.99,22.12,34.33,275.25,61.04
Vietcong,2003-03-31,Shooter,7.0,Good,Studio-Space RA,Studio-Space RA,0,0,0,10000,3.99,8.25,12.57,20.14,9.8
Vietcong 2,2005-11-01,Shooter,6.8,Okay,Studio-Space RA,Studio-Space RA,0,0,0,10000,3.99,4.95,8.61,8.92,5.95
Virginia,2016-09-22,Adventure,8.5,Great,Variable State,505 Games,0,219,219,150000,6.99,1.93,2.2,3.73,2.22
Volume,2015-08-18,Action,8.1,Great,Bithell Games,Bithell Games,0,76,76,150000,14.99,6.96,8.01,8.23,7.6
VVVVVV,2010-02-10,Platformer,7.5,Good,Terry Cavanagh,Terry Cavanagh,0,76,74,1500000,3.99,2.4,3.45,4.87,2.94
Waking Mars,2012-11-19,Action,6.5,Okay,Tiger Style,Tiger Style,0,229,229,350000,6.99,6.71,8.29,8.77,8.22
War Thunder,2014-06-20,"Flight,Action",7.2,Good,Gaijin Entertainment,Gaijin Entertainment,0,4200,297,15000000,0.0,474.83,1630.35,4627.7,1234.51
Warframe,2013-04-03,Shooter,7.0,Good,Digital Extremes,Digital Extremes,16,5845,394,35000000,0.0,113.63,657.6,1496.81,558.31
Wargame: European Escalation,2012-03-07,Strategy,8.0,Great,Eugen Systems,Eugen Systems,0,11,11,750000,7.99,32.33,44.06,60.07,44.63
Wargame: AirLand Battle,2013-06-05,Strategy,8.4,Great,Eugen Systems,Eugen Systems,0,1069,1254,750000,14.99,32.6,0.0,34.9,34.19
Wargame: Red Dragon,2014-04-29,Strategy,7.6,Good,Eugen Systems,Focus Home Interactive,0,1702,2288,750000,24.99,49.06,88.41,0.0,67.78
Warhammer: Mark of Chaos,2006-11-10,Strategy,8.0,Great,Fatshark,Fatshark,16,1200,608,1500000,22.99,15.25,19.22,19.62,18.28
"Warhammer 40,000: Fire Warrior",2004-02-13,Shooter,6.0,Okay,Relic Entertainment,SEGA,16,309,340,1500000,9.99,7.38,8.6,0.0,7.68
"Warhammer 40,000: Dawn of War",2004-09-20,Strategy,8.8,Great,Relic Entertainment,SEGA,16,309,340,1500000,9.99,12.08,14.66,17.59,12.82
"Warhammer 40,000: Dawn of War II",2009-02-17,Strategy,9.0,Amazing,Relic Entertainment;Feral Interactive (Mac/Linux),SEGA;Feral Interactive (Mac/Linux),0,628,293,3500000,14.99,15.18,21.98,49.11,20.36
"Warhammer 40,000: Space Marine",2011-09-08,Shooter,7.5,Good,Relic,SEGA,18,712,537,3500000,19.99,7.55,9.3,22.97,8.26
Warlock: Master of the Arcane,2012-06-12,Strategy,7.5,Good,Ino-Co Plus,Paradox Interactive,0,115,136,750000,18.99,11.0,21.26,42.39,16.37
Warlords Battlecry III,2004-05-25,Strategy,8.0,Great,Infinite Interactive,Retroism;Enlight Software Limited,0,134,134,35000,6.99,14.9,19.7,35.53,17.88
Wars & Warriors: Joan of Arc,2004-02-18,Action,6.9,Okay,Enlight Software Limited,Retroism;Enlight Software Limited,0,0,0,10000,4.99,18.47,19.76,20.83,19.86
Wasteland 2,2014-09-24,RPG,8.4,Great,inXile Entertainment,inXile Entertainment,18,564,624,750000,23.79,40.63,65.38,100.39,66.22
Wasteland Angel,2011-10-03,Shooter,5.0,Mediocre,Octane Games;Meridian4,Meridian4,0,101,101,150000,6.99,3.12,3.23,3.65,3.49
Watch Dogs,2014-05-27,Action,8.4,Great,Ubisoft,Ubisoft,0,1176,1343,750000,25.99,19.56,33.08,62.48,28.25
Watchmen: The End is Nigh -- Part 1,2009-03-05,Action,5.5,Mediocre,Deadline Games,Warner Bros. Interactive Entertainment,0,0,0,35000,3.99,2.92,3.13,3.47,2.99
Waves,2012-03-14,Shooter,8.5,Great,Squid In A Box Ltd,Squid In A Box Ltd,0,11,11,150000,3.99,1.09,5.32,25.85,2.07
Who's That Flying!?,2011-02-07,Shooter,8.0,Great,Mediatonic,Kalypso Media Digital,0,25,25,35000,3.99,1.59,3.56,12.47,2.48
Wildlife Park,2004-01-15,Simulation,6.8,Okay,b-alive gmbh,b-alive gmbh,0,0,0,10000,4.99,22.5,0.0,0.0,22.5
Wings of Prey,2010-01-07,"Flight,Action",8.3,Great,Gaijin Entertainment,Gaijin Entertainment,0,1154,1154,150000,6.99,8.07,9.77,0.0,9.12
Wolfenstein,2009-08-20,Shooter,7.3,Good,Machine Games,Bethesda-Soft,18,539,630,1500000,14.99,8.87,10.59,12.29,9.69
Wolfenstein: The New Order,2014-05-20,Shooter,7.8,Good,Machine Games,Bethesda-Soft,18,539,630,1500000,14.99,11.38,15.33,24.7,13.59
Wolfenstein: The Old Blood,2015-05-08,Shooter,7.0,Good,MachineGames,Bethesda Softworks,18,245,276,750000,14.99,5.92,8.48,15.86,7.29
World of Goo,2008-10-20,Puzzle,9.0,Amazing,2D BOY,2D BOY ,0,194,277,1500000,6.99,5.99,7.93,13.95,7.01
World of Warships,2015-09-23,Strategy,8.3,Great,Wargaming Group Limited,Wargaming Group Limited,0,341,135,3500000,0.0,0.0,144.0,0.0,144.0
Worms Reloaded,2010-09-30,Strategy,8.5,Great,Team17 Digital Ltd,Team17 Digital Ltd,0,327,420,750000,14.99,10.3,21.61,52.16,20.81
Worms Revolution,2012-10-02,Strategy,8.5,Great,Team17 Digital Ltd,Team17 Digital Ltd,0,445,259,1500000,10.99,18.92,32.51,49.87,26.62
WRC 3 FIA World Rally Championship,2012-10-15,Racing,5.0,Mediocre,Milestone S.r.l.,Plug In Digital;Bigben Interactive,0,0,0,75000,24.99,12.81,17.45,17.76,14.84
X Rebirth,2013-12-02,Simulation,4.3,Bad,Egosoft,Egosoft,0,1744,3386,350000,24.99,0.0,118.44,0.0,118.44
X-Blades,2009-02-13,Action,6.0,Okay,Gaijin Entertainment,Topware Interactive,0,313,341,750000,6.99,6.78,8.72,10.89,7.49
X-Men: The Official Game,2006-05-25,Action,5.7,Mediocre,Egosoft,Egosoft,0,648,648,350000,3.49,8.91,9.3,11.85,9.73
X-Men Legends II: Rise of Apocalypse,2005-09-21,"Action,RPG",8.5,Great,Egosoft,Egosoft,0,648,648,350000,3.49,21.38,23.34,24.34,22.43
X2: The Threat,2003-12-17,Simulation,7.3,Good,Egosoft,Egosoft,0,732,732,350000,4.99,35.11,66.2,474.0,127.8
X3: Reunion,2005-12-06,Simulation,8.0,Great,Egosoft,Egosoft,0,831,1232,350000,9.99,24.77,175.7,0.0,116.18
X3: Terran Conflict,2008-10-29,Simulation,8.0,Great,Egosoft,Egosoft,0,972,1273,750000,15.99,48.42,118.33,211.0,99.85
XCOM: Enemy Within,2013-11-11,Strategy,9.0,Amazing,Firaxis Games;Feral Interactive (Mac);Feral Interactive (Linux),2K;Feral Interactive (Mac);Feral Interactive (Linux),12,1470,1049,3500000,14.99,27.54,37.43,50.36,34.86
XCOM 2,2016-02-01,Strategy,9.3,Amazing,Firaxis Games;Feral Interactive (Mac);Feral Interactive (Linux),2K;Feral Interactive (Mac);Feral Interactive (Linux),0,1891,1985,1500000,34.99,33.23,47.99,86.24,44.84
Xenonauts,2014-08-07,Strategy,7.8,Good,Goldhawk Interactive,Goldhawk Interactive,0,880,880,350000,18.99,33.21,52.52,94.4,46.18
Xeodrifter,2014-12-16,"Action,Adventure",6.5,Okay,Renegade Kid,Good Shepherd Entertainment,0,0,0,75000,6.99,3.06,3.15,3.68,3.26
Xpand Rally,2006-07-24,Racing,8.0,Great,Techland,Techland,0,939,939,35000,3.99,6.04,9.57,11.88,9.85
Yar's Revenge,2011-05-12,Shooter,5.5,Mediocre,Killspace Entertainment,Atari,0,0,0,10000,6.99,2.04,0.0,0.0,2.04
Yosumin!,2009-06-22,Puzzle,7.1,Good,Square Enix,Square Enix,0,0,0,150000,3.99,9.07,0.0,17.19,10.26
You Don't Know Jack,2011-02-11,Trivia,6.0,Okay,"Jackbox Games, Inc.","Jackbox Games, Inc.",0,0,0,75000,1.99,1.0,0.0,0.0,1.0
Zen Bound 2,2010-11-30,Puzzle,7.5,Good,Secret Exit Ltd.,Secret Exit Ltd.,0,133,133,350000,3.99,4.32,5.85,18.12,7.29
Zeno Clash,2009-04-24,Action,8.4,Great,ACE Team,ACE Team,0,307,307,350000,6.99,3.82,5.11,9.03,4.23
Zeno Clash II,2013-05-02,Action,6.4,Okay,ACE Team,SEGA,0,156,190,350000,10.99,5.96,7.83,9.05,7.18
Zuma's Revenge,2009-09-15,Puzzle,8.0,Great,"PopCap Games, Inc.","PopCap Games, Inc.",0,0,0,150000,4.25,4.73,10.66,18.52,6.98
